{
  "AnyRouter3_cookies": {
    "quota": 2785.56,
    "used": 114.44,
    "timestamp": 1784814793.7102492
  },
  "AnyRouter6_cookies": {
    "quota": 4678.6,
    "used": 121.4,
    "timestamp": 1784814800.8423896
  },
  "AnyRouter9_cookies": {
    "quota": 3834.66,
    "used": 415.34,
    "timestamp": 1784814808.2317233
  },
  "AnyRouter12_cookies": {
    "quota": 4316.15,
    "used": 33.85,
    "timestamp": 1784814815.9049969
  }
}