{
  "AnyRouter2_cookies": {
    "quota": 1061.01,
    "used": 1563.99,
    "timestamp": 1784860325.8215978
  },
  "AnyRouter5_cookies": {
    "quota": 4165.11,
    "used": 34.89,
    "timestamp": 1784860334.0663812
  },
  "AnyRouter8_cookies": {
    "quota": 5520.41,
    "used": 1554.59,
    "timestamp": 1784860341.7272992
  },
  "AnyRouter11_cookies": {
    "quota": 3946.07,
    "used": 403.93,
    "timestamp": 1784860351.0538244
  },
  "AnyRouter14_cookies": {
    "quota": 4355.44,
    "used": 1894.56,
    "timestamp": 1784860360.073729
  }
}