{
  "dctx_email": {
    "quota": 1010.69,
    "used": 2114.31,
    "timestamp": 1769235349.069553
  },
  "ljq_email": {
    "quota": 1303.06,
    "used": 1722.03,
    "timestamp": 1769235371.1653929
  },
  "zc_email": {
    "quota": 778.26,
    "used": 2233.7,
    "timestamp": 1769235392.860834
  },
  "zj_email": {
    "quota": 1975.0,
    "used": 0.0,
    "timestamp": 1769235474.8033175
  },
  "fks_email": {
    "quota": 1975.0,
    "used": 0.0,
    "timestamp": 1769235496.6141298
  },
  "dxh_email": {
    "quota": 1975.0,
    "used": 0.0,
    "timestamp": 1769235520.709169
  },
  "zhb_email": {
    "quota": 1975.0,
    "used": 0.0,
    "timestamp": 1769235543.2020695
  },
  "linuxdo_84404_cookies": {
    "quota": 1093.12,
    "used": 1506.88,
    "timestamp": 1769235400.4017365
  },
  "linux_chuang_cookies": {
    "quota": 2316.86,
    "used": 58.14,
    "timestamp": 1768976425.9971125
  },
  "linux_bwj_cookies": {
    "quota": 400.04,
    "used": 1849.08,
    "timestamp": 1769235424.9941642
  },
  "linux_devbai_cookies": {
    "quota": 435.41,
    "used": 1914.59,
    "timestamp": 1768976443.3059564
  },
  "linux_Yeahnet_cookies": {
    "quota": 563.26,
    "used": 1786.74,
    "timestamp": 1768976452.2607367
  },
  "AnyRouter主账号_cookies": {
    "quota": 2556.14,
    "used": 918.86,
    "timestamp": 1772456229.6933565
  },
  "AnyRouter二账号_cookies": {
    "quota": 2639.06,
    "used": 10.94,
    "timestamp": 1772456238.5058482
  },
  "AnyRouter三账号_cookies": {
    "quota": 775.0,
    "used": 0.0,
    "timestamp": 1772456246.6930487
  },
  "AnyRouter四账号_cookies": {
    "quota": 700.0,
    "used": 0.0,
    "timestamp": 1772456254.6120656
  },
  "AnyRouter五账号_cookies": {
    "quota": 465.97,
    "used": 159.03,
    "timestamp": 1772456263.4272258
  },
  "AnyRouter六账号liucom_cookies": {
    "quota": 950.0,
    "used": 0.0,
    "timestamp": 1772456271.6489592
  },
  "AnyRouter七账号_cookies": {
    "quota": 675.0,
    "used": 0.0,
    "timestamp": 1772456280.380248
  },
  "AnyRouter1_cookies": {
    "quota": 726.08,
    "used": 1348.92,
    "timestamp": 1783000600.939935
  },
  "AnyRouter2_cookies": {
    "quota": 1605.39,
    "used": 644.61,
    "timestamp": 1783000608.8511117
  },
  "AnyRouter3_cookies": {
    "quota": 2260.56,
    "used": 114.44,
    "timestamp": 1783000617.3903053
  },
  "AnyRouter4_cookies": {
    "quota": 3501.31,
    "used": 48.69,
    "timestamp": 1783000626.28722
  },
  "AnyRouter5_cookies": {
    "quota": 3615.11,
    "used": 34.89,
    "timestamp": 1783000634.7647398
  },
  "AnyRouter6_cookies": {
    "quota": 4153.6,
    "used": 121.4,
    "timestamp": 1783000642.0763876
  },
  "AnyRouter7_cookies": {
    "quota": 3973.9,
    "used": 301.1,
    "timestamp": 1783000651.5442939
  },
  "AnyRouter8_cookies": {
    "quota": 4970.41,
    "used": 1554.59,
    "timestamp": 1783000660.0904791
  },
  "AnyRouter9_cookies": {
    "quota": 3537.44,
    "used": 187.56,
    "timestamp": 1783000668.744975
  },
  "AnyRouter10_cookies": {
    "quota": 3554.04,
    "used": 220.96,
    "timestamp": 1783000677.7291808
  },
  "AnyRouter11_cookies": {
    "quota": 3695.04,
    "used": 104.96,
    "timestamp": 1783000686.3101747
  },
  "AnyRouter12_cookies": {
    "quota": 3791.15,
    "used": 33.85,
    "timestamp": 1783000695.7300878
  },
  "AnyRouter13_cookies": {
    "quota": 3942.1,
    "used": 57.9,
    "timestamp": 1783000703.7485955
  },
  "AnyRouter14_cookies": {
    "quota": 4833.59,
    "used": 866.41,
    "timestamp": 1783000713.1864955
  }
}