{
  "dctx_email": {
    "quota": 1010.69,
    "used": 2114.31,
    "timestamp": 1769235349.069553
  },
  "ljq_email": {
    "quota": 1303.06,
    "used": 1722.03,
    "timestamp": 1769235371.1653929
  },
  "zc_email": {
    "quota": 778.26,
    "used": 2233.7,
    "timestamp": 1769235392.860834
  },
  "zj_email": {
    "quota": 1975.0,
    "used": 0.0,
    "timestamp": 1769235474.8033175
  },
  "fks_email": {
    "quota": 1975.0,
    "used": 0.0,
    "timestamp": 1769235496.6141298
  },
  "dxh_email": {
    "quota": 1975.0,
    "used": 0.0,
    "timestamp": 1769235520.709169
  },
  "zhb_email": {
    "quota": 1975.0,
    "used": 0.0,
    "timestamp": 1769235543.2020695
  },
  "linuxdo_84404_cookies": {
    "quota": 1093.12,
    "used": 1506.88,
    "timestamp": 1769235400.4017365
  },
  "linux_chuang_cookies": {
    "quota": 2316.86,
    "used": 58.14,
    "timestamp": 1768976425.9971125
  },
  "linux_bwj_cookies": {
    "quota": 400.04,
    "used": 1849.08,
    "timestamp": 1769235424.9941642
  },
  "linux_devbai_cookies": {
    "quota": 435.41,
    "used": 1914.59,
    "timestamp": 1768976443.3059564
  },
  "linux_Yeahnet_cookies": {
    "quota": 563.26,
    "used": 1786.74,
    "timestamp": 1768976452.2607367
  },
  "AnyRouter主账号_cookies": {
    "quota": 2556.14,
    "used": 918.86,
    "timestamp": 1772456229.6933565
  },
  "AnyRouter二账号_cookies": {
    "quota": 2639.06,
    "used": 10.94,
    "timestamp": 1772456238.5058482
  },
  "AnyRouter三账号_cookies": {
    "quota": 775.0,
    "used": 0.0,
    "timestamp": 1772456246.6930487
  },
  "AnyRouter四账号_cookies": {
    "quota": 700.0,
    "used": 0.0,
    "timestamp": 1772456254.6120656
  },
  "AnyRouter五账号_cookies": {
    "quota": 465.97,
    "used": 159.03,
    "timestamp": 1772456263.4272258
  },
  "AnyRouter六账号liucom_cookies": {
    "quota": 950.0,
    "used": 0.0,
    "timestamp": 1772456271.6489592
  },
  "AnyRouter七账号_cookies": {
    "quota": 675.0,
    "used": 0.0,
    "timestamp": 1772456280.380248
  },
  "AnyRouter1_cookies": {
    "quota": 809.92,
    "used": 1465.08,
    "timestamp": 1783660973.5076365
  },
  "AnyRouter2_cookies": {
    "quota": 1805.39,
    "used": 644.61,
    "timestamp": 1783660980.939827
  },
  "AnyRouter3_cookies": {
    "quota": 2460.56,
    "used": 114.44,
    "timestamp": 1783660988.9473717
  },
  "AnyRouter4_cookies": {
    "quota": 3701.31,
    "used": 48.69,
    "timestamp": 1783660997.7388082
  },
  "AnyRouter5_cookies": {
    "quota": 3815.11,
    "used": 34.89,
    "timestamp": 1783661005.0330362
  },
  "AnyRouter6_cookies": {
    "quota": 4353.6,
    "used": 121.4,
    "timestamp": 1783661013.3830762
  },
  "AnyRouter7_cookies": {
    "quota": 4173.9,
    "used": 301.1,
    "timestamp": 1783661021.9259453
  },
  "AnyRouter8_cookies": {
    "quota": 5170.41,
    "used": 1554.59,
    "timestamp": 1783661029.2899928
  },
  "AnyRouter9_cookies": {
    "quota": 3737.06,
    "used": 187.94,
    "timestamp": 1783661038.3472822
  },
  "AnyRouter10_cookies": {
    "quota": 3754.04,
    "used": 220.96,
    "timestamp": 1783653453.016564
  },
  "AnyRouter11_cookies": {
    "quota": 3619.97,
    "used": 355.03,
    "timestamp": 1783626308.4356892
  },
  "AnyRouter12_cookies": {
    "quota": 3991.15,
    "used": 33.85,
    "timestamp": 1783654213.8825517
  },
  "AnyRouter13_cookies": {
    "quota": 4142.1,
    "used": 57.9,
    "timestamp": 1783654222.6822999
  },
  "AnyRouter14_cookies": {
    "quota": 4215.86,
    "used": 1684.14,
    "timestamp": 1783654231.6220396
  }
}