{
  "dctx_email": {
    "quota": 1010.69,
    "used": 2114.31,
    "timestamp": 1769235349.069553
  },
  "ljq_email": {
    "quota": 1303.06,
    "used": 1722.03,
    "timestamp": 1769235371.1653929
  },
  "zc_email": {
    "quota": 778.26,
    "used": 2233.7,
    "timestamp": 1769235392.860834
  },
  "zj_email": {
    "quota": 1975.0,
    "used": 0.0,
    "timestamp": 1769235474.8033175
  },
  "fks_email": {
    "quota": 1975.0,
    "used": 0.0,
    "timestamp": 1769235496.6141298
  },
  "dxh_email": {
    "quota": 1975.0,
    "used": 0.0,
    "timestamp": 1769235520.709169
  },
  "zhb_email": {
    "quota": 1975.0,
    "used": 0.0,
    "timestamp": 1769235543.2020695
  },
  "linuxdo_84404_cookies": {
    "quota": 1093.12,
    "used": 1506.88,
    "timestamp": 1769235400.4017365
  },
  "linux_chuang_cookies": {
    "quota": 2316.86,
    "used": 58.14,
    "timestamp": 1768976425.9971125
  },
  "linux_bwj_cookies": {
    "quota": 400.04,
    "used": 1849.08,
    "timestamp": 1769235424.9941642
  },
  "linux_devbai_cookies": {
    "quota": 435.41,
    "used": 1914.59,
    "timestamp": 1768976443.3059564
  },
  "linux_Yeahnet_cookies": {
    "quota": 563.26,
    "used": 1786.74,
    "timestamp": 1768976452.2607367
  },
  "AnyRouter主账号_cookies": {
    "quota": 2556.14,
    "used": 918.86,
    "timestamp": 1772456229.6933565
  },
  "AnyRouter二账号_cookies": {
    "quota": 2639.06,
    "used": 10.94,
    "timestamp": 1772456238.5058482
  },
  "AnyRouter三账号_cookies": {
    "quota": 775.0,
    "used": 0.0,
    "timestamp": 1772456246.6930487
  },
  "AnyRouter四账号_cookies": {
    "quota": 700.0,
    "used": 0.0,
    "timestamp": 1772456254.6120656
  },
  "AnyRouter五账号_cookies": {
    "quota": 465.97,
    "used": 159.03,
    "timestamp": 1772456263.4272258
  },
  "AnyRouter六账号liucom_cookies": {
    "quota": 950.0,
    "used": 0.0,
    "timestamp": 1772456271.6489592
  },
  "AnyRouter七账号_cookies": {
    "quota": 675.0,
    "used": 0.0,
    "timestamp": 1772456280.380248
  },
  "AnyRouter1_cookies": {
    "quota": 833.33,
    "used": 16.67,
    "timestamp": 1773645363.5654187
  },
  "AnyRouter2_cookies": {
    "quota": 922.77,
    "used": 27.23,
    "timestamp": 1773645372.323519
  },
  "AnyRouter3_cookies": {
    "quota": 1557.68,
    "used": 17.32,
    "timestamp": 1773645380.4251297
  },
  "AnyRouter4_cookies": {
    "quota": 1554.54,
    "used": 20.46,
    "timestamp": 1773645388.272473
  },
  "AnyRouter5_cookies": {
    "quota": 2757.08,
    "used": 1067.92,
    "timestamp": 1773645397.0675364
  },
  "AnyRouter6_cookies": {
    "quota": 798.4,
    "used": 176.6,
    "timestamp": 1773645405.0767508
  },
  "AnyRouter7_cookies": {
    "quota": 1005.57,
    "used": 19.43,
    "timestamp": 1773645414.6834576
  },
  "AnyRouter8_cookies": {
    "quota": 1037.46,
    "used": 12.54,
    "timestamp": 1773645423.6698713
  },
  "AnyRouter9_cookies": {
    "quota": 1108.63,
    "used": 16.37,
    "timestamp": 1773645432.282661
  },
  "AnyRouter10_cookies": {
    "quota": 1280.61,
    "used": 19.39,
    "timestamp": 1773645440.4015157
  },
  "AnyRouter11_cookies": {
    "quota": 2828.3,
    "used": 171.7,
    "timestamp": 1773645449.2432013
  }
}