{
  "AnyRouter3_cookies": {
    "quota": 2760.56,
    "used": 114.44,
    "timestamp": 1784708175.1600306
  },
  "AnyRouter6_cookies": {
    "quota": 4653.6,
    "used": 121.4,
    "timestamp": 1784708184.3668432
  },
  "AnyRouter9_cookies": {
    "quota": 3809.66,
    "used": 415.34,
    "timestamp": 1784708193.5938492
  },
  "AnyRouter12_cookies": {
    "quota": 4291.15,
    "used": 33.85,
    "timestamp": 1784708202.5628173
  }
}