{
  "dctx_email": {
    "quota": 424.06,
    "used": 1150.94,
    "timestamp": 1763878455.3502412
  },
  "ljq_email": {
    "quota": 1295.98,
    "used": 178.78,
    "timestamp": 1763878479.1640406
  },
  "zc_email": {
    "quota": 1220.42,
    "used": 254.58,
    "timestamp": 1763878503.0875216
  },
  "zj_email": {
    "quota": 425.0,
    "used": 0.0,
    "timestamp": 1763878526.0831022
  },
  "fks_email": {
    "quota": 425.0,
    "used": 0.0,
    "timestamp": 1763878548.4752114
  },
  "dxh_email": {
    "quota": 425.0,
    "used": 0.0,
    "timestamp": 1763878571.9331384
  },
  "zhb_email": {
    "quota": 425.0,
    "used": 0.0,
    "timestamp": 1763878596.7790647
  },
  "linuxdo_84404_cookies": {
    "quota": 50.09,
    "used": 1149.91,
    "timestamp": 1763878606.2606258
  },
  "linux_chuang_cookies": {
    "quota": 900.0,
    "used": 0.0,
    "timestamp": 1763878614.474536
  },
  "linux_bwj_cookies": {
    "quota": 925.0,
    "used": 0.0,
    "timestamp": 1763878624.6826186
  },
  "linux_devbai_cookies": {
    "quota": 875.0,
    "used": 0.0,
    "timestamp": 1763878633.7518394
  },
  "linux_Yeahnet_cookies": {
    "quota": 875.0,
    "used": 0.0,
    "timestamp": 1763878643.7905967
  },
  "AnyRouter1_cookies": {
    "quota": 421.19,
    "used": 78.81,
    "timestamp": 1764558702.4462297
  },
  "AnyRouter2_cookies": {
    "quota": 325.0,
    "used": 0.0,
    "timestamp": 1764558712.7534719
  },
  "AnyRouter3_cookies": {
    "quota": 275.0,
    "used": 0.0,
    "timestamp": 1764558693.340079
  },
  "AgentRouter主账号_cookies": {
    "quota": 408.57,
    "used": 11.43,
    "timestamp": 1764210115.0293229
  }
}