{
  "dctx_email": {
    "quota": 1010.69,
    "used": 2114.31,
    "timestamp": 1769235349.069553
  },
  "ljq_email": {
    "quota": 1303.06,
    "used": 1722.03,
    "timestamp": 1769235371.1653929
  },
  "zc_email": {
    "quota": 778.26,
    "used": 2233.7,
    "timestamp": 1769235392.860834
  },
  "zj_email": {
    "quota": 1975.0,
    "used": 0.0,
    "timestamp": 1769235474.8033175
  },
  "fks_email": {
    "quota": 1975.0,
    "used": 0.0,
    "timestamp": 1769235496.6141298
  },
  "dxh_email": {
    "quota": 1975.0,
    "used": 0.0,
    "timestamp": 1769235520.709169
  },
  "zhb_email": {
    "quota": 1975.0,
    "used": 0.0,
    "timestamp": 1769235543.2020695
  },
  "linuxdo_84404_cookies": {
    "quota": 1093.12,
    "used": 1506.88,
    "timestamp": 1769235400.4017365
  },
  "linux_chuang_cookies": {
    "quota": 2316.86,
    "used": 58.14,
    "timestamp": 1768976425.9971125
  },
  "linux_bwj_cookies": {
    "quota": 400.04,
    "used": 1849.08,
    "timestamp": 1769235424.9941642
  },
  "linux_devbai_cookies": {
    "quota": 435.41,
    "used": 1914.59,
    "timestamp": 1768976443.3059564
  },
  "linux_Yeahnet_cookies": {
    "quota": 563.26,
    "used": 1786.74,
    "timestamp": 1768976452.2607367
  },
  "AnyRouter主账号_cookies": {
    "quota": 2556.14,
    "used": 918.86,
    "timestamp": 1772456229.6933565
  },
  "AnyRouter二账号_cookies": {
    "quota": 2639.06,
    "used": 10.94,
    "timestamp": 1772456238.5058482
  },
  "AnyRouter三账号_cookies": {
    "quota": 775.0,
    "used": 0.0,
    "timestamp": 1772456246.6930487
  },
  "AnyRouter四账号_cookies": {
    "quota": 700.0,
    "used": 0.0,
    "timestamp": 1772456254.6120656
  },
  "AnyRouter五账号_cookies": {
    "quota": 465.97,
    "used": 159.03,
    "timestamp": 1772456263.4272258
  },
  "AnyRouter六账号liucom_cookies": {
    "quota": 950.0,
    "used": 0.0,
    "timestamp": 1772456271.6489592
  },
  "AnyRouter七账号_cookies": {
    "quota": 675.0,
    "used": 0.0,
    "timestamp": 1772456280.380248
  },
  "AnyRouter1_cookies": {
    "quota": 657.62,
    "used": 1342.38,
    "timestamp": 1782762940.8456478
  },
  "AnyRouter2_cookies": {
    "quota": 1547.73,
    "used": 627.27,
    "timestamp": 1782762948.94883
  },
  "AnyRouter3_cookies": {
    "quota": 2185.56,
    "used": 114.44,
    "timestamp": 1782762956.2452428
  },
  "AnyRouter4_cookies": {
    "quota": 3426.31,
    "used": 48.69,
    "timestamp": 1782762963.9722226
  },
  "AnyRouter5_cookies": {
    "quota": 3540.11,
    "used": 34.89,
    "timestamp": 1782762972.350567
  },
  "AnyRouter6_cookies": {
    "quota": 4078.6,
    "used": 121.4,
    "timestamp": 1782762981.1067038
  },
  "AnyRouter7_cookies": {
    "quota": 3898.9,
    "used": 301.1,
    "timestamp": 1782762989.4250197
  },
  "AnyRouter8_cookies": {
    "quota": 4895.41,
    "used": 1554.59,
    "timestamp": 1782762996.6889088
  },
  "AnyRouter9_cookies": {
    "quota": 3462.44,
    "used": 187.56,
    "timestamp": 1782763005.0416348
  },
  "AnyRouter10_cookies": {
    "quota": 3479.04,
    "used": 220.96,
    "timestamp": 1782763014.1180253
  },
  "AnyRouter11_cookies": {
    "quota": 3620.04,
    "used": 104.96,
    "timestamp": 1782763021.2565255
  },
  "AnyRouter12_cookies": {
    "quota": 3716.15,
    "used": 33.85,
    "timestamp": 1782763030.296285
  },
  "AnyRouter13_cookies": {
    "quota": 3867.1,
    "used": 57.9,
    "timestamp": 1782763037.4592402
  },
  "AnyRouter14_cookies": {
    "quota": 4762.2,
    "used": 862.8,
    "timestamp": 1782763045.4333677
  }
}