{
  "dctx_email": {
    "quota": 1010.69,
    "used": 2114.31,
    "timestamp": 1769235349.069553
  },
  "ljq_email": {
    "quota": 1303.06,
    "used": 1722.03,
    "timestamp": 1769235371.1653929
  },
  "zc_email": {
    "quota": 778.26,
    "used": 2233.7,
    "timestamp": 1769235392.860834
  },
  "zj_email": {
    "quota": 1975.0,
    "used": 0.0,
    "timestamp": 1769235474.8033175
  },
  "fks_email": {
    "quota": 1975.0,
    "used": 0.0,
    "timestamp": 1769235496.6141298
  },
  "dxh_email": {
    "quota": 1975.0,
    "used": 0.0,
    "timestamp": 1769235520.709169
  },
  "zhb_email": {
    "quota": 1975.0,
    "used": 0.0,
    "timestamp": 1769235543.2020695
  },
  "linuxdo_84404_cookies": {
    "quota": 1093.12,
    "used": 1506.88,
    "timestamp": 1769235400.4017365
  },
  "linux_chuang_cookies": {
    "quota": 2316.86,
    "used": 58.14,
    "timestamp": 1768976425.9971125
  },
  "linux_bwj_cookies": {
    "quota": 400.04,
    "used": 1849.08,
    "timestamp": 1769235424.9941642
  },
  "linux_devbai_cookies": {
    "quota": 435.41,
    "used": 1914.59,
    "timestamp": 1768976443.3059564
  },
  "linux_Yeahnet_cookies": {
    "quota": 563.26,
    "used": 1786.74,
    "timestamp": 1768976452.2607367
  },
  "AnyRouter主账号_cookies": {
    "quota": 2556.14,
    "used": 918.86,
    "timestamp": 1772456229.6933565
  },
  "AnyRouter二账号_cookies": {
    "quota": 2639.06,
    "used": 10.94,
    "timestamp": 1772456238.5058482
  },
  "AnyRouter三账号_cookies": {
    "quota": 775.0,
    "used": 0.0,
    "timestamp": 1772456246.6930487
  },
  "AnyRouter四账号_cookies": {
    "quota": 700.0,
    "used": 0.0,
    "timestamp": 1772456254.6120656
  },
  "AnyRouter五账号_cookies": {
    "quota": 465.97,
    "used": 159.03,
    "timestamp": 1772456263.4272258
  },
  "AnyRouter六账号liucom_cookies": {
    "quota": 950.0,
    "used": 0.0,
    "timestamp": 1772456271.6489592
  },
  "AnyRouter七账号_cookies": {
    "quota": 675.0,
    "used": 0.0,
    "timestamp": 1772456280.380248
  },
  "AnyRouter1_cookies": {
    "quota": 1059.22,
    "used": 115.78,
    "timestamp": 1779896309.5708091
  },
  "AnyRouter2_cookies": {
    "quota": 1163.26,
    "used": 186.74,
    "timestamp": 1779896317.6967347
  },
  "AnyRouter3_cookies": {
    "quota": 1454.61,
    "used": 20.39,
    "timestamp": 1779896325.231507
  },
  "AnyRouter4_cookies": {
    "quota": 2609.07,
    "used": 40.93,
    "timestamp": 1779896333.679656
  },
  "AnyRouter5_cookies": {
    "quota": 2715.11,
    "used": 34.89,
    "timestamp": 1779896341.1557171
  },
  "AnyRouter6_cookies": {
    "quota": 3261.32,
    "used": 113.68,
    "timestamp": 1779896348.3100274
  },
  "AnyRouter7_cookies": {
    "quota": 3135.46,
    "used": 239.54,
    "timestamp": 1779896355.515777
  },
  "AnyRouter8_cookies": {
    "quota": 4425.29,
    "used": 1199.71,
    "timestamp": 1779896364.582324
  },
  "AnyRouter9_cookies": {
    "quota": 2637.58,
    "used": 187.42,
    "timestamp": 1779896373.4700427
  },
  "AnyRouter10_cookies": {
    "quota": 2847.92,
    "used": 27.08,
    "timestamp": 1779896381.583891
  },
  "AnyRouter11_cookies": {
    "quota": 2865.0,
    "used": 35.0,
    "timestamp": 1779896389.214389
  },
  "AnyRouter12_cookies": {
    "quota": 2891.15,
    "used": 33.85,
    "timestamp": 1779896398.282704
  },
  "AnyRouter13_cookies": {
    "quota": 3048.5,
    "used": 51.5,
    "timestamp": 1779896406.9685419
  },
  "AnyRouter14_cookies": {
    "quota": 4157.28,
    "used": 642.72,
    "timestamp": 1779896413.9701805
  }
}