{
  "AnyRouter1_cookies": {
    "quota": 2130.39,
    "used": 644.61,
    "timestamp": 1784814776.4784865
  },
  "AnyRouter4_cookies": {
    "quota": 4026.31,
    "used": 48.69,
    "timestamp": 1784814784.3490782
  },
  "AnyRouter7_cookies": {
    "quota": 4388.14,
    "used": 411.86,
    "timestamp": 1784814794.0407763
  },
  "AnyRouter10_cookies": {
    "quota": 4079.04,
    "used": 220.96,
    "timestamp": 1784814801.8980513
  },
  "AnyRouter13_cookies": {
    "quota": 4018.89,
    "used": 506.11,
    "timestamp": 1784814811.538639
  }
}