{
  "dctx_email": {
    "quota": 1010.69,
    "used": 2114.31,
    "timestamp": 1769235349.069553
  },
  "ljq_email": {
    "quota": 1303.06,
    "used": 1722.03,
    "timestamp": 1769235371.1653929
  },
  "zc_email": {
    "quota": 778.26,
    "used": 2233.7,
    "timestamp": 1769235392.860834
  },
  "zj_email": {
    "quota": 1975.0,
    "used": 0.0,
    "timestamp": 1769235474.8033175
  },
  "fks_email": {
    "quota": 1975.0,
    "used": 0.0,
    "timestamp": 1769235496.6141298
  },
  "dxh_email": {
    "quota": 1975.0,
    "used": 0.0,
    "timestamp": 1769235520.709169
  },
  "zhb_email": {
    "quota": 1975.0,
    "used": 0.0,
    "timestamp": 1769235543.2020695
  },
  "linuxdo_84404_cookies": {
    "quota": 1093.12,
    "used": 1506.88,
    "timestamp": 1769235400.4017365
  },
  "linux_chuang_cookies": {
    "quota": 2316.86,
    "used": 58.14,
    "timestamp": 1768976425.9971125
  },
  "linux_bwj_cookies": {
    "quota": 400.04,
    "used": 1849.08,
    "timestamp": 1769235424.9941642
  },
  "linux_devbai_cookies": {
    "quota": 435.41,
    "used": 1914.59,
    "timestamp": 1768976443.3059564
  },
  "linux_Yeahnet_cookies": {
    "quota": 563.26,
    "used": 1786.74,
    "timestamp": 1768976452.2607367
  },
  "AnyRouter主账号_cookies": {
    "quota": 2556.14,
    "used": 918.86,
    "timestamp": 1772456229.6933565
  },
  "AnyRouter二账号_cookies": {
    "quota": 2639.06,
    "used": 10.94,
    "timestamp": 1772456238.5058482
  },
  "AnyRouter三账号_cookies": {
    "quota": 775.0,
    "used": 0.0,
    "timestamp": 1772456246.6930487
  },
  "AnyRouter四账号_cookies": {
    "quota": 700.0,
    "used": 0.0,
    "timestamp": 1772456254.6120656
  },
  "AnyRouter五账号_cookies": {
    "quota": 465.97,
    "used": 159.03,
    "timestamp": 1772456263.4272258
  },
  "AnyRouter六账号liucom_cookies": {
    "quota": 950.0,
    "used": 0.0,
    "timestamp": 1772456271.6489592
  },
  "AnyRouter七账号_cookies": {
    "quota": 675.0,
    "used": 0.0,
    "timestamp": 1772456280.380248
  },
  "AnyRouter1_cookies": {
    "quota": 758.39,
    "used": 16.61,
    "timestamp": 1773427222.440842
  },
  "AnyRouter2_cookies": {
    "quota": 858.85,
    "used": 16.15,
    "timestamp": 1773427231.8718307
  },
  "AnyRouter3_cookies": {
    "quota": 1483.02,
    "used": 16.98,
    "timestamp": 1773427239.7182689
  },
  "AnyRouter4_cookies": {
    "quota": 1482.12,
    "used": 17.88,
    "timestamp": 1773427247.199442
  },
  "AnyRouter5_cookies": {
    "quota": 2682.08,
    "used": 1067.92,
    "timestamp": 1773427256.0407627
  },
  "AnyRouter6_cookies": {
    "quota": 723.55,
    "used": 176.45,
    "timestamp": 1773427263.7545843
  },
  "AnyRouter7_cookies": {
    "quota": 932.74,
    "used": 17.26,
    "timestamp": 1773427272.8422525
  },
  "AnyRouter8_cookies": {
    "quota": 962.61,
    "used": 12.39,
    "timestamp": 1773427280.8313992
  },
  "AnyRouter9_cookies": {
    "quota": 1033.83,
    "used": 16.17,
    "timestamp": 1773427289.4605553
  },
  "AnyRouter10_cookies": {
    "quota": 1205.89,
    "used": 19.11,
    "timestamp": 1773427297.7714052
  },
  "AnyRouter11_cookies": {
    "quota": 2838.38,
    "used": 86.62,
    "timestamp": 1773427306.6917439
  }
}