{
  "dctx_email": {
    "quota": 1010.69,
    "used": 2114.31,
    "timestamp": 1769235349.069553
  },
  "ljq_email": {
    "quota": 1303.06,
    "used": 1722.03,
    "timestamp": 1769235371.1653929
  },
  "zc_email": {
    "quota": 778.26,
    "used": 2233.7,
    "timestamp": 1769235392.860834
  },
  "zj_email": {
    "quota": 1975.0,
    "used": 0.0,
    "timestamp": 1769235474.8033175
  },
  "fks_email": {
    "quota": 1975.0,
    "used": 0.0,
    "timestamp": 1769235496.6141298
  },
  "dxh_email": {
    "quota": 1975.0,
    "used": 0.0,
    "timestamp": 1769235520.709169
  },
  "zhb_email": {
    "quota": 1975.0,
    "used": 0.0,
    "timestamp": 1769235543.2020695
  },
  "linuxdo_84404_cookies": {
    "quota": 1093.12,
    "used": 1506.88,
    "timestamp": 1769235400.4017365
  },
  "linux_chuang_cookies": {
    "quota": 2316.86,
    "used": 58.14,
    "timestamp": 1768976425.9971125
  },
  "linux_bwj_cookies": {
    "quota": 400.04,
    "used": 1849.08,
    "timestamp": 1769235424.9941642
  },
  "linux_devbai_cookies": {
    "quota": 435.41,
    "used": 1914.59,
    "timestamp": 1768976443.3059564
  },
  "linux_Yeahnet_cookies": {
    "quota": 563.26,
    "used": 1786.74,
    "timestamp": 1768976452.2607367
  },
  "AnyRouter主账号_cookies": {
    "quota": 2556.14,
    "used": 918.86,
    "timestamp": 1772456229.6933565
  },
  "AnyRouter二账号_cookies": {
    "quota": 2639.06,
    "used": 10.94,
    "timestamp": 1772456238.5058482
  },
  "AnyRouter三账号_cookies": {
    "quota": 775.0,
    "used": 0.0,
    "timestamp": 1772456246.6930487
  },
  "AnyRouter四账号_cookies": {
    "quota": 700.0,
    "used": 0.0,
    "timestamp": 1772456254.6120656
  },
  "AnyRouter五账号_cookies": {
    "quota": 465.97,
    "used": 159.03,
    "timestamp": 1772456263.4272258
  },
  "AnyRouter六账号liucom_cookies": {
    "quota": 950.0,
    "used": 0.0,
    "timestamp": 1772456271.6489592
  },
  "AnyRouter七账号_cookies": {
    "quota": 675.0,
    "used": 0.0,
    "timestamp": 1772456280.380248
  },
  "AnyRouter1_cookies": {
    "quota": 705.01,
    "used": 1019.99,
    "timestamp": 1781754641.6624196
  },
  "AnyRouter2_cookies": {
    "quota": 1272.73,
    "used": 627.27,
    "timestamp": 1781754650.6096954
  },
  "AnyRouter3_cookies": {
    "quota": 1910.59,
    "used": 114.41,
    "timestamp": 1781754659.348111
  },
  "AnyRouter4_cookies": {
    "quota": 3151.31,
    "used": 48.69,
    "timestamp": 1781754668.0419126
  },
  "AnyRouter5_cookies": {
    "quota": 3265.11,
    "used": 34.89,
    "timestamp": 1781754676.4671738
  },
  "AnyRouter6_cookies": {
    "quota": 3803.6,
    "used": 121.4,
    "timestamp": 1781754685.4888597
  },
  "AnyRouter7_cookies": {
    "quota": 3623.9,
    "used": 301.1,
    "timestamp": 1781754694.0407896
  },
  "AnyRouter8_cookies": {
    "quota": 4620.41,
    "used": 1554.59,
    "timestamp": 1781754701.9597008
  },
  "AnyRouter9_cookies": {
    "quota": 3187.58,
    "used": 187.42,
    "timestamp": 1781754709.9360738
  },
  "AnyRouter10_cookies": {
    "quota": 3397.92,
    "used": 27.08,
    "timestamp": 1781754717.9696162
  },
  "AnyRouter11_cookies": {
    "quota": 3345.04,
    "used": 104.96,
    "timestamp": 1781754726.4567137
  },
  "AnyRouter12_cookies": {
    "quota": 3441.15,
    "used": 33.85,
    "timestamp": 1781754733.6109095
  },
  "AnyRouter13_cookies": {
    "quota": 3592.1,
    "used": 57.9,
    "timestamp": 1781754742.1422322
  },
  "AnyRouter14_cookies": {
    "quota": 4580.33,
    "used": 769.67,
    "timestamp": 1781754750.2292967
  }
}