{
  "dctx_email": {
    "quota": 1010.69,
    "used": 2114.31,
    "timestamp": 1769235349.069553
  },
  "ljq_email": {
    "quota": 1303.06,
    "used": 1722.03,
    "timestamp": 1769235371.1653929
  },
  "zc_email": {
    "quota": 778.26,
    "used": 2233.7,
    "timestamp": 1769235392.860834
  },
  "zj_email": {
    "quota": 1975.0,
    "used": 0.0,
    "timestamp": 1769235474.8033175
  },
  "fks_email": {
    "quota": 1975.0,
    "used": 0.0,
    "timestamp": 1769235496.6141298
  },
  "dxh_email": {
    "quota": 1975.0,
    "used": 0.0,
    "timestamp": 1769235520.709169
  },
  "zhb_email": {
    "quota": 1975.0,
    "used": 0.0,
    "timestamp": 1769235543.2020695
  },
  "linuxdo_84404_cookies": {
    "quota": 1093.12,
    "used": 1506.88,
    "timestamp": 1769235400.4017365
  },
  "linux_chuang_cookies": {
    "quota": 2316.86,
    "used": 58.14,
    "timestamp": 1768976425.9971125
  },
  "linux_bwj_cookies": {
    "quota": 400.04,
    "used": 1849.08,
    "timestamp": 1769235424.9941642
  },
  "linux_devbai_cookies": {
    "quota": 435.41,
    "used": 1914.59,
    "timestamp": 1768976443.3059564
  },
  "linux_Yeahnet_cookies": {
    "quota": 563.26,
    "used": 1786.74,
    "timestamp": 1768976452.2607367
  },
  "AnyRouter主账号_cookies": {
    "quota": 2556.14,
    "used": 918.86,
    "timestamp": 1772456229.6933565
  },
  "AnyRouter二账号_cookies": {
    "quota": 2639.06,
    "used": 10.94,
    "timestamp": 1772456238.5058482
  },
  "AnyRouter三账号_cookies": {
    "quota": 775.0,
    "used": 0.0,
    "timestamp": 1772456246.6930487
  },
  "AnyRouter四账号_cookies": {
    "quota": 700.0,
    "used": 0.0,
    "timestamp": 1772456254.6120656
  },
  "AnyRouter五账号_cookies": {
    "quota": 465.97,
    "used": 159.03,
    "timestamp": 1772456263.4272258
  },
  "AnyRouter六账号liucom_cookies": {
    "quota": 950.0,
    "used": 0.0,
    "timestamp": 1772456271.6489592
  },
  "AnyRouter七账号_cookies": {
    "quota": 675.0,
    "used": 0.0,
    "timestamp": 1772456280.380248
  },
  "AnyRouter1_cookies": {
    "quota": 707.62,
    "used": 1342.38,
    "timestamp": 1782898951.551267
  },
  "AnyRouter2_cookies": {
    "quota": 1597.73,
    "used": 627.27,
    "timestamp": 1782898959.9452364
  },
  "AnyRouter3_cookies": {
    "quota": 2235.56,
    "used": 114.44,
    "timestamp": 1782898969.1678236
  },
  "AnyRouter4_cookies": {
    "quota": 3476.31,
    "used": 48.69,
    "timestamp": 1782898977.3185709
  },
  "AnyRouter5_cookies": {
    "quota": 3590.11,
    "used": 34.89,
    "timestamp": 1782898985.9684908
  },
  "AnyRouter6_cookies": {
    "quota": 4128.6,
    "used": 121.4,
    "timestamp": 1782898996.1396794
  },
  "AnyRouter7_cookies": {
    "quota": 3948.9,
    "used": 301.1,
    "timestamp": 1782899005.1818674
  },
  "AnyRouter8_cookies": {
    "quota": 4945.41,
    "used": 1554.59,
    "timestamp": 1782899013.3447194
  },
  "AnyRouter9_cookies": {
    "quota": 3512.44,
    "used": 187.56,
    "timestamp": 1782899021.5551736
  },
  "AnyRouter10_cookies": {
    "quota": 3529.04,
    "used": 220.96,
    "timestamp": 1782899029.8674343
  },
  "AnyRouter11_cookies": {
    "quota": 3670.04,
    "used": 104.96,
    "timestamp": 1782899038.8174942
  },
  "AnyRouter12_cookies": {
    "quota": 3766.15,
    "used": 33.85,
    "timestamp": 1782899047.7108078
  },
  "AnyRouter13_cookies": {
    "quota": 3917.1,
    "used": 57.9,
    "timestamp": 1782899055.3609617
  },
  "AnyRouter14_cookies": {
    "quota": 4812.2,
    "used": 862.8,
    "timestamp": 1782899065.2906158
  }
}