{
  "AnyRouter1_cookies": {
    "quota": 2155.39,
    "used": 644.61,
    "timestamp": 1784900446.3500593
  },
  "AnyRouter4_cookies": {
    "quota": 4051.31,
    "used": 48.69,
    "timestamp": 1784900455.8431473
  },
  "AnyRouter7_cookies": {
    "quota": 4413.14,
    "used": 411.86,
    "timestamp": 1784900464.7391317
  },
  "AnyRouter10_cookies": {
    "quota": 4104.04,
    "used": 220.96,
    "timestamp": 1784900473.2798367
  },
  "AnyRouter13_cookies": {
    "quota": 4043.89,
    "used": 506.11,
    "timestamp": 1784900482.6425533
  }
}