{
  "AnyRouter2_cookies": {
    "quota": 1038.9,
    "used": 1561.1,
    "timestamp": 1784814775.1981206
  },
  "AnyRouter5_cookies": {
    "quota": 4140.11,
    "used": 34.89,
    "timestamp": 1784814783.124793
  },
  "AnyRouter8_cookies": {
    "quota": 5495.41,
    "used": 1554.59,
    "timestamp": 1784814791.649094
  },
  "AnyRouter11_cookies": {
    "quota": 3921.07,
    "used": 403.93,
    "timestamp": 1784814799.9570687
  },
  "AnyRouter14_cookies": {
    "quota": 4359.26,
    "used": 1865.74,
    "timestamp": 1784814809.082799
  }
}