{
  "dctx_email": {
    "quota": 1010.69,
    "used": 2114.31,
    "timestamp": 1769235349.069553
  },
  "ljq_email": {
    "quota": 1303.06,
    "used": 1722.03,
    "timestamp": 1769235371.1653929
  },
  "zc_email": {
    "quota": 778.26,
    "used": 2233.7,
    "timestamp": 1769235392.860834
  },
  "zj_email": {
    "quota": 1975.0,
    "used": 0.0,
    "timestamp": 1769235474.8033175
  },
  "fks_email": {
    "quota": 1975.0,
    "used": 0.0,
    "timestamp": 1769235496.6141298
  },
  "dxh_email": {
    "quota": 1975.0,
    "used": 0.0,
    "timestamp": 1769235520.709169
  },
  "zhb_email": {
    "quota": 1975.0,
    "used": 0.0,
    "timestamp": 1769235543.2020695
  },
  "linuxdo_84404_cookies": {
    "quota": 1093.12,
    "used": 1506.88,
    "timestamp": 1769235400.4017365
  },
  "linux_chuang_cookies": {
    "quota": 2316.86,
    "used": 58.14,
    "timestamp": 1768976425.9971125
  },
  "linux_bwj_cookies": {
    "quota": 400.04,
    "used": 1849.08,
    "timestamp": 1769235424.9941642
  },
  "linux_devbai_cookies": {
    "quota": 435.41,
    "used": 1914.59,
    "timestamp": 1768976443.3059564
  },
  "linux_Yeahnet_cookies": {
    "quota": 563.26,
    "used": 1786.74,
    "timestamp": 1768976452.2607367
  },
  "AnyRouter主账号_cookies": {
    "quota": 2556.14,
    "used": 918.86,
    "timestamp": 1772456229.6933565
  },
  "AnyRouter二账号_cookies": {
    "quota": 2639.06,
    "used": 10.94,
    "timestamp": 1772456238.5058482
  },
  "AnyRouter三账号_cookies": {
    "quota": 775.0,
    "used": 0.0,
    "timestamp": 1772456246.6930487
  },
  "AnyRouter四账号_cookies": {
    "quota": 700.0,
    "used": 0.0,
    "timestamp": 1772456254.6120656
  },
  "AnyRouter五账号_cookies": {
    "quota": 465.97,
    "used": 159.03,
    "timestamp": 1772456263.4272258
  },
  "AnyRouter六账号liucom_cookies": {
    "quota": 950.0,
    "used": 0.0,
    "timestamp": 1772456271.6489592
  },
  "AnyRouter七账号_cookies": {
    "quota": 675.0,
    "used": 0.0,
    "timestamp": 1772456280.380248
  },
  "AnyRouter1_cookies": {
    "quota": 884.4,
    "used": 115.6,
    "timestamp": 1779290188.955814
  },
  "AnyRouter2_cookies": {
    "quota": 988.26,
    "used": 186.74,
    "timestamp": 1779290197.1805956
  },
  "AnyRouter3_cookies": {
    "quota": 1279.61,
    "used": 20.39,
    "timestamp": 1779290205.5617547
  },
  "AnyRouter4_cookies": {
    "quota": 2434.07,
    "used": 40.93,
    "timestamp": 1779290214.448923
  },
  "AnyRouter5_cookies": {
    "quota": 2540.11,
    "used": 34.89,
    "timestamp": 1779290222.5831306
  },
  "AnyRouter6_cookies": {
    "quota": 3086.32,
    "used": 113.68,
    "timestamp": 1779290231.285895
  },
  "AnyRouter7_cookies": {
    "quota": 2977.94,
    "used": 222.06,
    "timestamp": 1779290240.0302408
  },
  "AnyRouter8_cookies": {
    "quota": 4377.29,
    "used": 1072.71,
    "timestamp": 1779290248.5574026
  },
  "AnyRouter9_cookies": {
    "quota": 2462.58,
    "used": 187.42,
    "timestamp": 1779290256.5644848
  },
  "AnyRouter10_cookies": {
    "quota": 2672.92,
    "used": 27.08,
    "timestamp": 1779290264.7033403
  },
  "AnyRouter11_cookies": {
    "quota": 2690.0,
    "used": 35.0,
    "timestamp": 1779290274.1667798
  },
  "AnyRouter12_cookies": {
    "quota": 2716.15,
    "used": 33.85,
    "timestamp": 1779290283.6376889
  },
  "AnyRouter13_cookies": {
    "quota": 2873.5,
    "used": 51.5,
    "timestamp": 1779290292.6794763
  },
  "AnyRouter14_cookies": {
    "quota": 4098.71,
    "used": 526.29,
    "timestamp": 1779290300.680326
  }
}