{
  "AnyRouter3_cookies": {
    "quota": 2760.56,
    "used": 114.44,
    "timestamp": 1784747694.1024618
  },
  "AnyRouter6_cookies": {
    "quota": 4653.6,
    "used": 121.4,
    "timestamp": 1784747703.4604192
  },
  "AnyRouter9_cookies": {
    "quota": 3809.66,
    "used": 415.34,
    "timestamp": 1784747710.6099355
  },
  "AnyRouter12_cookies": {
    "quota": 4291.15,
    "used": 33.85,
    "timestamp": 1784747718.5065227
  }
}