{
  "AnyRouter2_cookies": {
    "quota": 1072.44,
    "used": 1502.56,
    "timestamp": 1784708861.4875073
  },
  "AnyRouter5_cookies": {
    "quota": 4115.11,
    "used": 34.89,
    "timestamp": 1784708870.8890145
  },
  "AnyRouter8_cookies": {
    "quota": 5470.41,
    "used": 1554.59,
    "timestamp": 1784708880.273017
  },
  "AnyRouter11_cookies": {
    "quota": 3896.07,
    "used": 403.93,
    "timestamp": 1784708887.9641678
  },
  "AnyRouter14_cookies": {
    "quota": 4335.68,
    "used": 1864.32,
    "timestamp": 1784708897.016218
  }
}