{
  "AnyRouter2_cookies": {
    "quota": 1071.28,
    "used": 1503.72,
    "timestamp": 1784747684.2153478
  },
  "AnyRouter5_cookies": {
    "quota": 4115.11,
    "used": 34.89,
    "timestamp": 1784747692.8377306
  },
  "AnyRouter8_cookies": {
    "quota": 5470.41,
    "used": 1554.59,
    "timestamp": 1784747700.7883642
  },
  "AnyRouter11_cookies": {
    "quota": 3896.07,
    "used": 403.93,
    "timestamp": 1784747709.524664
  },
  "AnyRouter14_cookies": {
    "quota": 4335.0,
    "used": 1865.0,
    "timestamp": 1784747718.7108152
  }
}