{
  "dctx_email": {
    "quota": 1010.69,
    "used": 2114.31,
    "timestamp": 1769235349.069553
  },
  "ljq_email": {
    "quota": 1303.06,
    "used": 1722.03,
    "timestamp": 1769235371.1653929
  },
  "zc_email": {
    "quota": 778.26,
    "used": 2233.7,
    "timestamp": 1769235392.860834
  },
  "zj_email": {
    "quota": 1975.0,
    "used": 0.0,
    "timestamp": 1769235474.8033175
  },
  "fks_email": {
    "quota": 1975.0,
    "used": 0.0,
    "timestamp": 1769235496.6141298
  },
  "dxh_email": {
    "quota": 1975.0,
    "used": 0.0,
    "timestamp": 1769235520.709169
  },
  "zhb_email": {
    "quota": 1975.0,
    "used": 0.0,
    "timestamp": 1769235543.2020695
  },
  "linuxdo_84404_cookies": {
    "quota": 1093.12,
    "used": 1506.88,
    "timestamp": 1769235400.4017365
  },
  "linux_chuang_cookies": {
    "quota": 2316.86,
    "used": 58.14,
    "timestamp": 1768976425.9971125
  },
  "linux_bwj_cookies": {
    "quota": 400.04,
    "used": 1849.08,
    "timestamp": 1769235424.9941642
  },
  "linux_devbai_cookies": {
    "quota": 435.41,
    "used": 1914.59,
    "timestamp": 1768976443.3059564
  },
  "linux_Yeahnet_cookies": {
    "quota": 563.26,
    "used": 1786.74,
    "timestamp": 1768976452.2607367
  },
  "AnyRouter主账号_cookies": {
    "quota": 2556.14,
    "used": 918.86,
    "timestamp": 1772456229.6933565
  },
  "AnyRouter二账号_cookies": {
    "quota": 2639.06,
    "used": 10.94,
    "timestamp": 1772456238.5058482
  },
  "AnyRouter三账号_cookies": {
    "quota": 775.0,
    "used": 0.0,
    "timestamp": 1772456246.6930487
  },
  "AnyRouter四账号_cookies": {
    "quota": 700.0,
    "used": 0.0,
    "timestamp": 1772456254.6120656
  },
  "AnyRouter五账号_cookies": {
    "quota": 465.97,
    "used": 159.03,
    "timestamp": 1772456263.4272258
  },
  "AnyRouter六账号liucom_cookies": {
    "quota": 950.0,
    "used": 0.0,
    "timestamp": 1772456271.6489592
  },
  "AnyRouter七账号_cookies": {
    "quota": 675.0,
    "used": 0.0,
    "timestamp": 1772456280.380248
  },
  "AnyRouter1_cookies": {
    "quota": 803.21,
    "used": 746.79,
    "timestamp": 1781209223.9247775
  },
  "AnyRouter2_cookies": {
    "quota": 1187.84,
    "used": 537.16,
    "timestamp": 1781209235.7520266
  },
  "AnyRouter3_cookies": {
    "quota": 1785.84,
    "used": 64.16,
    "timestamp": 1781209245.3542356
  },
  "AnyRouter4_cookies": {
    "quota": 2976.31,
    "used": 48.69,
    "timestamp": 1781209256.8269167
  },
  "AnyRouter5_cookies": {
    "quota": 3090.11,
    "used": 34.89,
    "timestamp": 1781209266.1912744
  },
  "AnyRouter6_cookies": {
    "quota": 3628.6,
    "used": 121.4,
    "timestamp": 1781209278.4603798
  },
  "AnyRouter7_cookies": {
    "quota": 3448.9,
    "used": 301.1,
    "timestamp": 1781209289.8071585
  },
  "AnyRouter8_cookies": {
    "quota": 4445.41,
    "used": 1554.59,
    "timestamp": 1781209301.5161364
  },
  "AnyRouter9_cookies": {
    "quota": 3012.58,
    "used": 187.42,
    "timestamp": 1781209313.3976505
  },
  "AnyRouter10_cookies": {
    "quota": 3222.92,
    "used": 27.08,
    "timestamp": 1781209323.9019003
  },
  "AnyRouter11_cookies": {
    "quota": 3240.0,
    "used": 35.0,
    "timestamp": 1781209333.8262239
  },
  "AnyRouter12_cookies": {
    "quota": 3266.15,
    "used": 33.85,
    "timestamp": 1781209344.80948
  },
  "AnyRouter13_cookies": {
    "quota": 3417.28,
    "used": 57.72,
    "timestamp": 1781209354.8255296
  },
  "AnyRouter14_cookies": {
    "quota": 4466.86,
    "used": 708.14,
    "timestamp": 1781209364.3445358
  }
}