{
  "AnyRouter3_cookies": {
    "quota": 2785.56,
    "used": 114.44,
    "timestamp": 1784795225.5574079
  },
  "AnyRouter6_cookies": {
    "quota": 4678.6,
    "used": 121.4,
    "timestamp": 1784795235.0395591
  },
  "AnyRouter9_cookies": {
    "quota": 3834.66,
    "used": 415.34,
    "timestamp": 1784795244.1389382
  },
  "AnyRouter12_cookies": {
    "quota": 4316.15,
    "used": 33.85,
    "timestamp": 1784795253.006833
  }
}