{
  "AnyRouter1_cookies": {
    "quota": 2105.39,
    "used": 644.61,
    "timestamp": 1784728117.2192297
  },
  "AnyRouter4_cookies": {
    "quota": 4001.31,
    "used": 48.69,
    "timestamp": 1784728126.3123229
  },
  "AnyRouter7_cookies": {
    "quota": 4473.9,
    "used": 301.1,
    "timestamp": 1784728134.8746223
  },
  "AnyRouter10_cookies": {
    "quota": 4054.04,
    "used": 220.96,
    "timestamp": 1784728142.6339083
  },
  "AnyRouter13_cookies": {
    "quota": 3993.89,
    "used": 506.11,
    "timestamp": 1784728151.3990164
  }
}