{
  "AnyRouter2_cookies": {
    "quota": 1072.44,
    "used": 1502.56,
    "timestamp": 1784708178.5666292
  },
  "AnyRouter5_cookies": {
    "quota": 4115.11,
    "used": 34.89,
    "timestamp": 1784708187.1194756
  },
  "AnyRouter8_cookies": {
    "quota": 5470.41,
    "used": 1554.59,
    "timestamp": 1784708195.0747497
  },
  "AnyRouter11_cookies": {
    "quota": 3896.07,
    "used": 403.93,
    "timestamp": 1784708202.677908
  }
}