{
  "dctx_email": {
    "quota": 1010.69,
    "used": 2114.31,
    "timestamp": 1769235349.069553
  },
  "ljq_email": {
    "quota": 1303.06,
    "used": 1722.03,
    "timestamp": 1769235371.1653929
  },
  "zc_email": {
    "quota": 778.26,
    "used": 2233.7,
    "timestamp": 1769235392.860834
  },
  "zj_email": {
    "quota": 1975.0,
    "used": 0.0,
    "timestamp": 1769235474.8033175
  },
  "fks_email": {
    "quota": 1975.0,
    "used": 0.0,
    "timestamp": 1769235496.6141298
  },
  "dxh_email": {
    "quota": 1975.0,
    "used": 0.0,
    "timestamp": 1769235520.709169
  },
  "zhb_email": {
    "quota": 1975.0,
    "used": 0.0,
    "timestamp": 1769235543.2020695
  },
  "linuxdo_84404_cookies": {
    "quota": 1093.12,
    "used": 1506.88,
    "timestamp": 1769235400.4017365
  },
  "linux_chuang_cookies": {
    "quota": 2316.86,
    "used": 58.14,
    "timestamp": 1768976425.9971125
  },
  "linux_bwj_cookies": {
    "quota": 400.04,
    "used": 1849.08,
    "timestamp": 1769235424.9941642
  },
  "linux_devbai_cookies": {
    "quota": 435.41,
    "used": 1914.59,
    "timestamp": 1768976443.3059564
  },
  "linux_Yeahnet_cookies": {
    "quota": 563.26,
    "used": 1786.74,
    "timestamp": 1768976452.2607367
  },
  "AnyRouter主账号_cookies": {
    "quota": 2556.14,
    "used": 918.86,
    "timestamp": 1772456229.6933565
  },
  "AnyRouter二账号_cookies": {
    "quota": 2639.06,
    "used": 10.94,
    "timestamp": 1772456238.5058482
  },
  "AnyRouter三账号_cookies": {
    "quota": 775.0,
    "used": 0.0,
    "timestamp": 1772456246.6930487
  },
  "AnyRouter四账号_cookies": {
    "quota": 700.0,
    "used": 0.0,
    "timestamp": 1772456254.6120656
  },
  "AnyRouter五账号_cookies": {
    "quota": 465.97,
    "used": 159.03,
    "timestamp": 1772456263.4272258
  },
  "AnyRouter六账号liucom_cookies": {
    "quota": 950.0,
    "used": 0.0,
    "timestamp": 1772456271.6489592
  },
  "AnyRouter七账号_cookies": {
    "quota": 675.0,
    "used": 0.0,
    "timestamp": 1772456280.380248
  },
  "AnyRouter1_cookies": {
    "quota": 688.07,
    "used": 11.93,
    "timestamp": 1773107686.676941
  },
  "AnyRouter2_cookies": {
    "quota": 789.7,
    "used": 10.3,
    "timestamp": 1773107695.7607474
  },
  "AnyRouter3_cookies": {
    "quota": 1415.11,
    "used": 9.89,
    "timestamp": 1773107703.8375509
  },
  "AnyRouter4_cookies": {
    "quota": 1413.07,
    "used": 11.93,
    "timestamp": 1773107711.9638922
  },
  "AnyRouter5_cookies": {
    "quota": 2610.12,
    "used": 1064.88,
    "timestamp": 1773107720.4117005
  },
  "AnyRouter6_cookies": {
    "quota": 654.14,
    "used": 170.86,
    "timestamp": 1773107729.5203557
  },
  "AnyRouter7_cookies": {
    "quota": 863.1,
    "used": 11.9,
    "timestamp": 1773107738.8798811
  },
  "AnyRouter8_cookies": {
    "quota": 893.52,
    "used": 6.48,
    "timestamp": 1773107748.543942
  },
  "AnyRouter9_cookies": {
    "quota": 966.19,
    "used": 8.81,
    "timestamp": 1773107756.5090356
  },
  "AnyRouter10_cookies": {
    "quota": 1137.71,
    "used": 12.29,
    "timestamp": 1773107766.022211
  },
  "AnyRouter11_cookies": {
    "quota": 2828.75,
    "used": 21.25,
    "timestamp": 1773107774.2098494
  }
}