{
  "AnyRouter1_cookies": {
    "quota": 2105.39,
    "used": 644.61,
    "timestamp": 1784747687.5229976
  },
  "AnyRouter4_cookies": {
    "quota": 4001.31,
    "used": 48.69,
    "timestamp": 1784747696.4180555
  },
  "AnyRouter7_cookies": {
    "quota": 4473.9,
    "used": 301.1,
    "timestamp": 1784747704.4200406
  },
  "AnyRouter10_cookies": {
    "quota": 4054.04,
    "used": 220.96,
    "timestamp": 1784747713.3967936
  },
  "AnyRouter13_cookies": {
    "quota": 3993.89,
    "used": 506.11,
    "timestamp": 1784747722.1663563
  }
}