{
  "dctx_email": {
    "quota": 1010.69,
    "used": 2114.31,
    "timestamp": 1769235349.069553
  },
  "ljq_email": {
    "quota": 1303.06,
    "used": 1722.03,
    "timestamp": 1769235371.1653929
  },
  "zc_email": {
    "quota": 778.26,
    "used": 2233.7,
    "timestamp": 1769235392.860834
  },
  "zj_email": {
    "quota": 1975.0,
    "used": 0.0,
    "timestamp": 1769235474.8033175
  },
  "fks_email": {
    "quota": 1975.0,
    "used": 0.0,
    "timestamp": 1769235496.6141298
  },
  "dxh_email": {
    "quota": 1975.0,
    "used": 0.0,
    "timestamp": 1769235520.709169
  },
  "zhb_email": {
    "quota": 1975.0,
    "used": 0.0,
    "timestamp": 1769235543.2020695
  },
  "linuxdo_84404_cookies": {
    "quota": 1093.12,
    "used": 1506.88,
    "timestamp": 1769235400.4017365
  },
  "linux_chuang_cookies": {
    "quota": 2316.86,
    "used": 58.14,
    "timestamp": 1768976425.9971125
  },
  "linux_bwj_cookies": {
    "quota": 400.04,
    "used": 1849.08,
    "timestamp": 1769235424.9941642
  },
  "linux_devbai_cookies": {
    "quota": 435.41,
    "used": 1914.59,
    "timestamp": 1768976443.3059564
  },
  "linux_Yeahnet_cookies": {
    "quota": 563.26,
    "used": 1786.74,
    "timestamp": 1768976452.2607367
  },
  "AnyRouter主账号_cookies": {
    "quota": 2556.14,
    "used": 918.86,
    "timestamp": 1772456229.6933565
  },
  "AnyRouter二账号_cookies": {
    "quota": 2639.06,
    "used": 10.94,
    "timestamp": 1772456238.5058482
  },
  "AnyRouter三账号_cookies": {
    "quota": 775.0,
    "used": 0.0,
    "timestamp": 1772456246.6930487
  },
  "AnyRouter四账号_cookies": {
    "quota": 700.0,
    "used": 0.0,
    "timestamp": 1772456254.6120656
  },
  "AnyRouter五账号_cookies": {
    "quota": 465.97,
    "used": 159.03,
    "timestamp": 1772456263.4272258
  },
  "AnyRouter六账号liucom_cookies": {
    "quota": 950.0,
    "used": 0.0,
    "timestamp": 1772456271.6489592
  },
  "AnyRouter七账号_cookies": {
    "quota": 675.0,
    "used": 0.0,
    "timestamp": 1772456280.380248
  },
  "AnyRouter1_cookies": {
    "quota": 979.4,
    "used": 20.6,
    "timestamp": 1774204594.4807289
  },
  "AnyRouter2_cookies": {
    "quota": 1068.08,
    "used": 31.92,
    "timestamp": 1774204602.6391718
  },
  "AnyRouter3_cookies": {
    "quota": 1699.77,
    "used": 25.23,
    "timestamp": 1774204610.820303
  },
  "AnyRouter4_cookies": {
    "quota": 1699.23,
    "used": 25.77,
    "timestamp": 1774204619.6864471
  },
  "AnyRouter5_cookies": {
    "quota": 2907.08,
    "used": 1067.92,
    "timestamp": 1774204627.6450417
  },
  "AnyRouter6_cookies": {
    "quota": 940.71,
    "used": 184.29,
    "timestamp": 1774204635.687524
  },
  "AnyRouter7_cookies": {
    "quota": 1151.35,
    "used": 23.65,
    "timestamp": 1774204643.639867
  },
  "AnyRouter8_cookies": {
    "quota": 1182.23,
    "used": 17.77,
    "timestamp": 1774204652.5504243
  },
  "AnyRouter9_cookies": {
    "quota": 1251.87,
    "used": 23.13,
    "timestamp": 1774204660.5809956
  },
  "AnyRouter10_cookies": {
    "quota": 1425.68,
    "used": 24.32,
    "timestamp": 1774204669.6870394
  },
  "AnyRouter11_cookies": {
    "quota": 2955.11,
    "used": 194.89,
    "timestamp": 1774204677.686587
  }
}