{
  "dctx_email": {
    "quota": 1010.69,
    "used": 2114.31,
    "timestamp": 1769235349.069553
  },
  "ljq_email": {
    "quota": 1303.06,
    "used": 1722.03,
    "timestamp": 1769235371.1653929
  },
  "zc_email": {
    "quota": 778.26,
    "used": 2233.7,
    "timestamp": 1769235392.860834
  },
  "zj_email": {
    "quota": 1975.0,
    "used": 0.0,
    "timestamp": 1769235474.8033175
  },
  "fks_email": {
    "quota": 1975.0,
    "used": 0.0,
    "timestamp": 1769235496.6141298
  },
  "dxh_email": {
    "quota": 1975.0,
    "used": 0.0,
    "timestamp": 1769235520.709169
  },
  "zhb_email": {
    "quota": 1975.0,
    "used": 0.0,
    "timestamp": 1769235543.2020695
  },
  "linuxdo_84404_cookies": {
    "quota": 1093.12,
    "used": 1506.88,
    "timestamp": 1769235400.4017365
  },
  "linux_chuang_cookies": {
    "quota": 2316.86,
    "used": 58.14,
    "timestamp": 1768976425.9971125
  },
  "linux_bwj_cookies": {
    "quota": 400.04,
    "used": 1849.08,
    "timestamp": 1769235424.9941642
  },
  "linux_devbai_cookies": {
    "quota": 435.41,
    "used": 1914.59,
    "timestamp": 1768976443.3059564
  },
  "linux_Yeahnet_cookies": {
    "quota": 563.26,
    "used": 1786.74,
    "timestamp": 1768976452.2607367
  },
  "AnyRouter主账号_cookies": {
    "quota": 2556.14,
    "used": 918.86,
    "timestamp": 1772456229.6933565
  },
  "AnyRouter二账号_cookies": {
    "quota": 2639.06,
    "used": 10.94,
    "timestamp": 1772456238.5058482
  },
  "AnyRouter三账号_cookies": {
    "quota": 775.0,
    "used": 0.0,
    "timestamp": 1772456246.6930487
  },
  "AnyRouter四账号_cookies": {
    "quota": 700.0,
    "used": 0.0,
    "timestamp": 1772456254.6120656
  },
  "AnyRouter五账号_cookies": {
    "quota": 465.97,
    "used": 159.03,
    "timestamp": 1772456263.4272258
  },
  "AnyRouter六账号liucom_cookies": {
    "quota": 950.0,
    "used": 0.0,
    "timestamp": 1772456271.6489592
  },
  "AnyRouter七账号_cookies": {
    "quota": 675.0,
    "used": 0.0,
    "timestamp": 1772456280.380248
  },
  "AnyRouter1_cookies": {
    "quota": 711.94,
    "used": 13.06,
    "timestamp": 1773194084.4132986
  },
  "AnyRouter2_cookies": {
    "quota": 813.3,
    "used": 11.7,
    "timestamp": 1773194093.4744806
  },
  "AnyRouter3_cookies": {
    "quota": 1438.77,
    "used": 11.23,
    "timestamp": 1773194102.5172684
  },
  "AnyRouter4_cookies": {
    "quota": 1436.44,
    "used": 13.56,
    "timestamp": 1773194111.127616
  },
  "AnyRouter5_cookies": {
    "quota": 2632.65,
    "used": 1067.35,
    "timestamp": 1773194119.6790223
  },
  "AnyRouter6_cookies": {
    "quota": 677.9,
    "used": 172.1,
    "timestamp": 1773194127.9518185
  },
  "AnyRouter7_cookies": {
    "quota": 886.54,
    "used": 13.46,
    "timestamp": 1773194136.1842918
  },
  "AnyRouter8_cookies": {
    "quota": 917.4,
    "used": 7.6,
    "timestamp": 1773194145.8247788
  },
  "AnyRouter9_cookies": {
    "quota": 989.37,
    "used": 10.63,
    "timestamp": 1773194153.820182
  },
  "AnyRouter10_cookies": {
    "quota": 1160.21,
    "used": 14.79,
    "timestamp": 1773194162.8193045
  },
  "AnyRouter11_cookies": {
    "quota": 2851.96,
    "used": 23.04,
    "timestamp": 1773194170.5690658
  }
}