{
  "dctx_email": {
    "quota": 1010.69,
    "used": 2114.31,
    "timestamp": 1769235349.069553
  },
  "ljq_email": {
    "quota": 1303.06,
    "used": 1722.03,
    "timestamp": 1769235371.1653929
  },
  "zc_email": {
    "quota": 778.26,
    "used": 2233.7,
    "timestamp": 1769235392.860834
  },
  "zj_email": {
    "quota": 1975.0,
    "used": 0.0,
    "timestamp": 1769235474.8033175
  },
  "fks_email": {
    "quota": 1975.0,
    "used": 0.0,
    "timestamp": 1769235496.6141298
  },
  "dxh_email": {
    "quota": 1975.0,
    "used": 0.0,
    "timestamp": 1769235520.709169
  },
  "zhb_email": {
    "quota": 1975.0,
    "used": 0.0,
    "timestamp": 1769235543.2020695
  },
  "linuxdo_84404_cookies": {
    "quota": 1093.12,
    "used": 1506.88,
    "timestamp": 1769235400.4017365
  },
  "linux_chuang_cookies": {
    "quota": 2316.86,
    "used": 58.14,
    "timestamp": 1768976425.9971125
  },
  "linux_bwj_cookies": {
    "quota": 400.04,
    "used": 1849.08,
    "timestamp": 1769235424.9941642
  },
  "linux_devbai_cookies": {
    "quota": 435.41,
    "used": 1914.59,
    "timestamp": 1768976443.3059564
  },
  "linux_Yeahnet_cookies": {
    "quota": 563.26,
    "used": 1786.74,
    "timestamp": 1768976452.2607367
  },
  "AnyRouter主账号_cookies": {
    "quota": 2556.14,
    "used": 918.86,
    "timestamp": 1772456229.6933565
  },
  "AnyRouter二账号_cookies": {
    "quota": 2639.06,
    "used": 10.94,
    "timestamp": 1772456238.5058482
  },
  "AnyRouter三账号_cookies": {
    "quota": 775.0,
    "used": 0.0,
    "timestamp": 1772456246.6930487
  },
  "AnyRouter四账号_cookies": {
    "quota": 700.0,
    "used": 0.0,
    "timestamp": 1772456254.6120656
  },
  "AnyRouter五账号_cookies": {
    "quota": 465.97,
    "used": 159.03,
    "timestamp": 1772456263.4272258
  },
  "AnyRouter六账号liucom_cookies": {
    "quota": 950.0,
    "used": 0.0,
    "timestamp": 1772456271.6489592
  },
  "AnyRouter七账号_cookies": {
    "quota": 675.0,
    "used": 0.0,
    "timestamp": 1772456280.380248
  },
  "AnyRouter1_cookies": {
    "quota": 734.92,
    "used": 1465.08,
    "timestamp": 1783453992.4269605
  },
  "AnyRouter2_cookies": {
    "quota": 1730.39,
    "used": 644.61,
    "timestamp": 1783454001.6967697
  },
  "AnyRouter3_cookies": {
    "quota": 2385.56,
    "used": 114.44,
    "timestamp": 1783454010.0918462
  },
  "AnyRouter4_cookies": {
    "quota": 3626.31,
    "used": 48.69,
    "timestamp": 1783454018.3721821
  },
  "AnyRouter5_cookies": {
    "quota": 3740.11,
    "used": 34.89,
    "timestamp": 1783454026.862983
  },
  "AnyRouter6_cookies": {
    "quota": 4278.6,
    "used": 121.4,
    "timestamp": 1783454034.5601647
  },
  "AnyRouter7_cookies": {
    "quota": 4098.9,
    "used": 301.1,
    "timestamp": 1783454043.4783244
  },
  "AnyRouter8_cookies": {
    "quota": 5095.41,
    "used": 1554.59,
    "timestamp": 1783454052.4495697
  },
  "AnyRouter9_cookies": {
    "quota": 3662.44,
    "used": 187.56,
    "timestamp": 1783454059.6133316
  },
  "AnyRouter10_cookies": {
    "quota": 3679.04,
    "used": 220.96,
    "timestamp": 1783454068.5503502
  },
  "AnyRouter11_cookies": {
    "quota": 3719.92,
    "used": 205.08,
    "timestamp": 1783454076.4356923
  },
  "AnyRouter12_cookies": {
    "quota": 3916.15,
    "used": 33.85,
    "timestamp": 1783454085.876279
  },
  "AnyRouter13_cookies": {
    "quota": 4067.1,
    "used": 57.9,
    "timestamp": 1783454093.533048
  },
  "AnyRouter14_cookies": {
    "quota": 4228.83,
    "used": 1596.17,
    "timestamp": 1783454101.8340664
  }
}