{
  "dctx_email": {
    "quota": 1010.69,
    "used": 2114.31,
    "timestamp": 1769235349.069553
  },
  "ljq_email": {
    "quota": 1303.06,
    "used": 1722.03,
    "timestamp": 1769235371.1653929
  },
  "zc_email": {
    "quota": 778.26,
    "used": 2233.7,
    "timestamp": 1769235392.860834
  },
  "zj_email": {
    "quota": 1975.0,
    "used": 0.0,
    "timestamp": 1769235474.8033175
  },
  "fks_email": {
    "quota": 1975.0,
    "used": 0.0,
    "timestamp": 1769235496.6141298
  },
  "dxh_email": {
    "quota": 1975.0,
    "used": 0.0,
    "timestamp": 1769235520.709169
  },
  "zhb_email": {
    "quota": 1975.0,
    "used": 0.0,
    "timestamp": 1769235543.2020695
  },
  "linuxdo_84404_cookies": {
    "quota": 1093.12,
    "used": 1506.88,
    "timestamp": 1769235400.4017365
  },
  "linux_chuang_cookies": {
    "quota": 2316.86,
    "used": 58.14,
    "timestamp": 1768976425.9971125
  },
  "linux_bwj_cookies": {
    "quota": 400.04,
    "used": 1849.08,
    "timestamp": 1769235424.9941642
  },
  "linux_devbai_cookies": {
    "quota": 435.41,
    "used": 1914.59,
    "timestamp": 1768976443.3059564
  },
  "linux_Yeahnet_cookies": {
    "quota": 563.26,
    "used": 1786.74,
    "timestamp": 1768976452.2607367
  },
  "AnyRouter主账号_cookies": {
    "quota": 2556.14,
    "used": 918.86,
    "timestamp": 1772456229.6933565
  },
  "AnyRouter二账号_cookies": {
    "quota": 2639.06,
    "used": 10.94,
    "timestamp": 1772456238.5058482
  },
  "AnyRouter三账号_cookies": {
    "quota": 775.0,
    "used": 0.0,
    "timestamp": 1772456246.6930487
  },
  "AnyRouter四账号_cookies": {
    "quota": 700.0,
    "used": 0.0,
    "timestamp": 1772456254.6120656
  },
  "AnyRouter五账号_cookies": {
    "quota": 465.97,
    "used": 159.03,
    "timestamp": 1772456263.4272258
  },
  "AnyRouter六账号liucom_cookies": {
    "quota": 950.0,
    "used": 0.0,
    "timestamp": 1772456271.6489592
  },
  "AnyRouter七账号_cookies": {
    "quota": 675.0,
    "used": 0.0,
    "timestamp": 1772456280.380248
  },
  "AnyRouter1_cookies": {
    "quota": 665.29,
    "used": 1009.71,
    "timestamp": 1781642952.0117595
  },
  "AnyRouter2_cookies": {
    "quota": 1272.15,
    "used": 577.85,
    "timestamp": 1781642961.6326363
  },
  "AnyRouter3_cookies": {
    "quota": 1860.59,
    "used": 114.41,
    "timestamp": 1781642969.8879902
  },
  "AnyRouter4_cookies": {
    "quota": 3101.31,
    "used": 48.69,
    "timestamp": 1781642979.367618
  },
  "AnyRouter5_cookies": {
    "quota": 3215.11,
    "used": 34.89,
    "timestamp": 1781642988.4539146
  },
  "AnyRouter6_cookies": {
    "quota": 3753.6,
    "used": 121.4,
    "timestamp": 1781642997.709755
  },
  "AnyRouter7_cookies": {
    "quota": 3573.9,
    "used": 301.1,
    "timestamp": 1781643006.5548346
  },
  "AnyRouter8_cookies": {
    "quota": 4570.41,
    "used": 1554.59,
    "timestamp": 1781643019.951321
  },
  "AnyRouter9_cookies": {
    "quota": 3137.58,
    "used": 187.42,
    "timestamp": 1781643027.9609492
  },
  "AnyRouter10_cookies": {
    "quota": 3347.92,
    "used": 27.08,
    "timestamp": 1781643036.298864
  },
  "AnyRouter11_cookies": {
    "quota": 3295.04,
    "used": 104.96,
    "timestamp": 1781643044.6820185
  },
  "AnyRouter12_cookies": {
    "quota": 3391.15,
    "used": 33.85,
    "timestamp": 1781643052.9621515
  },
  "AnyRouter13_cookies": {
    "quota": 3542.1,
    "used": 57.9,
    "timestamp": 1781643060.8815
  },
  "AnyRouter14_cookies": {
    "quota": 4530.33,
    "used": 769.67,
    "timestamp": 1781643069.2050562
  }
}