{
  "AnyRouter2_cookies": {
    "quota": 1038.9,
    "used": 1561.1,
    "timestamp": 1784834033.2692053
  },
  "AnyRouter5_cookies": {
    "quota": 4140.11,
    "used": 34.89,
    "timestamp": 1784834043.4646242
  },
  "AnyRouter8_cookies": {
    "quota": 5495.41,
    "used": 1554.59,
    "timestamp": 1784834052.9207969
  },
  "AnyRouter11_cookies": {
    "quota": 3921.07,
    "used": 403.93,
    "timestamp": 1784834061.970847
  },
  "AnyRouter14_cookies": {
    "quota": 4330.44,
    "used": 1894.56,
    "timestamp": 1784834070.5866394
  }
}