{
  "dctx_email": {
    "quota": 1010.69,
    "used": 2114.31,
    "timestamp": 1769235349.069553
  },
  "ljq_email": {
    "quota": 1303.06,
    "used": 1722.03,
    "timestamp": 1769235371.1653929
  },
  "zc_email": {
    "quota": 778.26,
    "used": 2233.7,
    "timestamp": 1769235392.860834
  },
  "zj_email": {
    "quota": 1975.0,
    "used": 0.0,
    "timestamp": 1769235474.8033175
  },
  "fks_email": {
    "quota": 1975.0,
    "used": 0.0,
    "timestamp": 1769235496.6141298
  },
  "dxh_email": {
    "quota": 1975.0,
    "used": 0.0,
    "timestamp": 1769235520.709169
  },
  "zhb_email": {
    "quota": 1975.0,
    "used": 0.0,
    "timestamp": 1769235543.2020695
  },
  "linuxdo_84404_cookies": {
    "quota": 1093.12,
    "used": 1506.88,
    "timestamp": 1769235400.4017365
  },
  "linux_chuang_cookies": {
    "quota": 2316.86,
    "used": 58.14,
    "timestamp": 1768976425.9971125
  },
  "linux_bwj_cookies": {
    "quota": 400.04,
    "used": 1849.08,
    "timestamp": 1769235424.9941642
  },
  "linux_devbai_cookies": {
    "quota": 435.41,
    "used": 1914.59,
    "timestamp": 1768976443.3059564
  },
  "linux_Yeahnet_cookies": {
    "quota": 563.26,
    "used": 1786.74,
    "timestamp": 1768976452.2607367
  },
  "AnyRouter主账号_cookies": {
    "quota": 2556.14,
    "used": 918.86,
    "timestamp": 1772456229.6933565
  },
  "AnyRouter二账号_cookies": {
    "quota": 2639.06,
    "used": 10.94,
    "timestamp": 1772456238.5058482
  },
  "AnyRouter三账号_cookies": {
    "quota": 775.0,
    "used": 0.0,
    "timestamp": 1772456246.6930487
  },
  "AnyRouter四账号_cookies": {
    "quota": 700.0,
    "used": 0.0,
    "timestamp": 1772456254.6120656
  },
  "AnyRouter五账号_cookies": {
    "quota": 465.97,
    "used": 159.03,
    "timestamp": 1772456263.4272258
  },
  "AnyRouter六账号liucom_cookies": {
    "quota": 950.0,
    "used": 0.0,
    "timestamp": 1772456271.6489592
  },
  "AnyRouter七账号_cookies": {
    "quota": 675.0,
    "used": 0.0,
    "timestamp": 1772456280.380248
  },
  "AnyRouter1_cookies": {
    "quota": 560.53,
    "used": 1339.47,
    "timestamp": 1782379161.4584277
  },
  "AnyRouter2_cookies": {
    "quota": 1447.73,
    "used": 627.27,
    "timestamp": 1782379170.5968971
  },
  "AnyRouter3_cookies": {
    "quota": 2085.59,
    "used": 114.41,
    "timestamp": 1782379177.8653119
  },
  "AnyRouter4_cookies": {
    "quota": 3326.31,
    "used": 48.69,
    "timestamp": 1782379186.3030717
  },
  "AnyRouter5_cookies": {
    "quota": 3440.11,
    "used": 34.89,
    "timestamp": 1782379195.3197052
  },
  "AnyRouter6_cookies": {
    "quota": 3978.6,
    "used": 121.4,
    "timestamp": 1782379203.217066
  },
  "AnyRouter7_cookies": {
    "quota": 3798.9,
    "used": 301.1,
    "timestamp": 1782379212.2503896
  },
  "AnyRouter8_cookies": {
    "quota": 4795.41,
    "used": 1554.59,
    "timestamp": 1782379219.8687553
  },
  "AnyRouter9_cookies": {
    "quota": 3362.58,
    "used": 187.42,
    "timestamp": 1782379228.6358845
  },
  "AnyRouter10_cookies": {
    "quota": 3379.04,
    "used": 220.96,
    "timestamp": 1782379236.3096845
  },
  "AnyRouter11_cookies": {
    "quota": 3520.04,
    "used": 104.96,
    "timestamp": 1782379243.9371564
  },
  "AnyRouter12_cookies": {
    "quota": 3616.15,
    "used": 33.85,
    "timestamp": 1782379251.5106378
  },
  "AnyRouter13_cookies": {
    "quota": 3767.1,
    "used": 57.9,
    "timestamp": 1782379259.8229425
  },
  "AnyRouter14_cookies": {
    "quota": 4667.34,
    "used": 857.66,
    "timestamp": 1782379268.4287157
  }
}