{
  "dctx_email": {
    "quota": 1010.69,
    "used": 2114.31,
    "timestamp": 1769235349.069553
  },
  "ljq_email": {
    "quota": 1303.06,
    "used": 1722.03,
    "timestamp": 1769235371.1653929
  },
  "zc_email": {
    "quota": 778.26,
    "used": 2233.7,
    "timestamp": 1769235392.860834
  },
  "zj_email": {
    "quota": 1975.0,
    "used": 0.0,
    "timestamp": 1769235474.8033175
  },
  "fks_email": {
    "quota": 1975.0,
    "used": 0.0,
    "timestamp": 1769235496.6141298
  },
  "dxh_email": {
    "quota": 1975.0,
    "used": 0.0,
    "timestamp": 1769235520.709169
  },
  "zhb_email": {
    "quota": 1975.0,
    "used": 0.0,
    "timestamp": 1769235543.2020695
  },
  "linuxdo_84404_cookies": {
    "quota": 1093.12,
    "used": 1506.88,
    "timestamp": 1769235400.4017365
  },
  "linux_chuang_cookies": {
    "quota": 2316.86,
    "used": 58.14,
    "timestamp": 1768976425.9971125
  },
  "linux_bwj_cookies": {
    "quota": 400.04,
    "used": 1849.08,
    "timestamp": 1769235424.9941642
  },
  "linux_devbai_cookies": {
    "quota": 435.41,
    "used": 1914.59,
    "timestamp": 1768976443.3059564
  },
  "linux_Yeahnet_cookies": {
    "quota": 563.26,
    "used": 1786.74,
    "timestamp": 1768976452.2607367
  },
  "AnyRouter主账号_cookies": {
    "quota": 2556.14,
    "used": 918.86,
    "timestamp": 1772456229.6933565
  },
  "AnyRouter二账号_cookies": {
    "quota": 2639.06,
    "used": 10.94,
    "timestamp": 1772456238.5058482
  },
  "AnyRouter三账号_cookies": {
    "quota": 775.0,
    "used": 0.0,
    "timestamp": 1772456246.6930487
  },
  "AnyRouter四账号_cookies": {
    "quota": 700.0,
    "used": 0.0,
    "timestamp": 1772456254.6120656
  },
  "AnyRouter五账号_cookies": {
    "quota": 465.97,
    "used": 159.03,
    "timestamp": 1772456263.4272258
  },
  "AnyRouter六账号liucom_cookies": {
    "quota": 950.0,
    "used": 0.0,
    "timestamp": 1772456271.6489592
  },
  "AnyRouter七账号_cookies": {
    "quota": 675.0,
    "used": 0.0,
    "timestamp": 1772456280.380248
  },
  "AnyRouter1_cookies": {
    "quota": 909.37,
    "used": 115.63,
    "timestamp": 1779376896.687158
  },
  "AnyRouter2_cookies": {
    "quota": 1013.26,
    "used": 186.74,
    "timestamp": 1779376905.3255847
  },
  "AnyRouter3_cookies": {
    "quota": 1304.61,
    "used": 20.39,
    "timestamp": 1779376913.7620118
  },
  "AnyRouter4_cookies": {
    "quota": 2459.07,
    "used": 40.93,
    "timestamp": 1779376923.0768945
  },
  "AnyRouter5_cookies": {
    "quota": 2565.11,
    "used": 34.89,
    "timestamp": 1779376931.6631708
  },
  "AnyRouter6_cookies": {
    "quota": 3111.32,
    "used": 113.68,
    "timestamp": 1779376939.90898
  },
  "AnyRouter7_cookies": {
    "quota": 3002.94,
    "used": 222.06,
    "timestamp": 1779376948.494016
  },
  "AnyRouter8_cookies": {
    "quota": 4357.92,
    "used": 1117.08,
    "timestamp": 1779376957.1125946
  },
  "AnyRouter9_cookies": {
    "quota": 2487.58,
    "used": 187.42,
    "timestamp": 1779376964.9144845
  },
  "AnyRouter10_cookies": {
    "quota": 2697.92,
    "used": 27.08,
    "timestamp": 1779376972.9424312
  },
  "AnyRouter11_cookies": {
    "quota": 2715.0,
    "used": 35.0,
    "timestamp": 1779376981.3961725
  },
  "AnyRouter12_cookies": {
    "quota": 2741.15,
    "used": 33.85,
    "timestamp": 1779376991.0302484
  },
  "AnyRouter13_cookies": {
    "quota": 2898.5,
    "used": 51.5,
    "timestamp": 1779376999.6236537
  },
  "AnyRouter14_cookies": {
    "quota": 4113.14,
    "used": 536.86,
    "timestamp": 1779377008.4171357
  }
}