{
  "AnyRouter2_cookies": {
    "quota": 1060.16,
    "used": 1564.84,
    "timestamp": 1784900448.043249
  },
  "AnyRouter5_cookies": {
    "quota": 4165.11,
    "used": 34.89,
    "timestamp": 1784900457.425833
  },
  "AnyRouter8_cookies": {
    "quota": 5520.41,
    "used": 1554.59,
    "timestamp": 1784900465.7892342
  },
  "AnyRouter11_cookies": {
    "quota": 3946.07,
    "used": 403.93,
    "timestamp": 1784900474.249505
  },
  "AnyRouter14_cookies": {
    "quota": 4352.15,
    "used": 1897.85,
    "timestamp": 1784900482.6370203
  }
}