{
  "AnyRouter2_cookies": {
    "quota": 1090.36,
    "used": 1509.64,
    "timestamp": 1784774074.236931
  },
  "AnyRouter5_cookies": {
    "quota": 4140.11,
    "used": 34.89,
    "timestamp": 1784774081.8770487
  },
  "AnyRouter8_cookies": {
    "quota": 5495.41,
    "used": 1554.59,
    "timestamp": 1784774090.1619167
  },
  "AnyRouter11_cookies": {
    "quota": 3921.07,
    "used": 403.93,
    "timestamp": 1784774099.4022474
  },
  "AnyRouter14_cookies": {
    "quota": 4359.62,
    "used": 1865.38,
    "timestamp": 1784774108.5620375
  }
}