{
  "dctx_email": {
    "quota": 1010.69,
    "used": 2114.31,
    "timestamp": 1769235349.069553
  },
  "ljq_email": {
    "quota": 1303.06,
    "used": 1722.03,
    "timestamp": 1769235371.1653929
  },
  "zc_email": {
    "quota": 778.26,
    "used": 2233.7,
    "timestamp": 1769235392.860834
  },
  "zj_email": {
    "quota": 1975.0,
    "used": 0.0,
    "timestamp": 1769235474.8033175
  },
  "fks_email": {
    "quota": 1975.0,
    "used": 0.0,
    "timestamp": 1769235496.6141298
  },
  "dxh_email": {
    "quota": 1975.0,
    "used": 0.0,
    "timestamp": 1769235520.709169
  },
  "zhb_email": {
    "quota": 1975.0,
    "used": 0.0,
    "timestamp": 1769235543.2020695
  },
  "linuxdo_84404_cookies": {
    "quota": 1093.12,
    "used": 1506.88,
    "timestamp": 1769235400.4017365
  },
  "linux_chuang_cookies": {
    "quota": 2316.86,
    "used": 58.14,
    "timestamp": 1768976425.9971125
  },
  "linux_bwj_cookies": {
    "quota": 400.04,
    "used": 1849.08,
    "timestamp": 1769235424.9941642
  },
  "linux_devbai_cookies": {
    "quota": 435.41,
    "used": 1914.59,
    "timestamp": 1768976443.3059564
  },
  "linux_Yeahnet_cookies": {
    "quota": 563.26,
    "used": 1786.74,
    "timestamp": 1768976452.2607367
  },
  "AnyRouter主账号_cookies": {
    "quota": 2556.14,
    "used": 918.86,
    "timestamp": 1772456229.6933565
  },
  "AnyRouter二账号_cookies": {
    "quota": 2639.06,
    "used": 10.94,
    "timestamp": 1772456238.5058482
  },
  "AnyRouter三账号_cookies": {
    "quota": 775.0,
    "used": 0.0,
    "timestamp": 1772456246.6930487
  },
  "AnyRouter四账号_cookies": {
    "quota": 700.0,
    "used": 0.0,
    "timestamp": 1772456254.6120656
  },
  "AnyRouter五账号_cookies": {
    "quota": 465.97,
    "used": 159.03,
    "timestamp": 1772456263.4272258
  },
  "AnyRouter六账号liucom_cookies": {
    "quota": 950.0,
    "used": 0.0,
    "timestamp": 1772456271.6489592
  },
  "AnyRouter七账号_cookies": {
    "quota": 675.0,
    "used": 0.0,
    "timestamp": 1772456280.380248
  },
  "AnyRouter1_cookies": {
    "quota": 1134.22,
    "used": 115.78,
    "timestamp": 1780147591.6167397
  },
  "AnyRouter2_cookies": {
    "quota": 1238.26,
    "used": 186.74,
    "timestamp": 1780147599.6372912
  },
  "AnyRouter3_cookies": {
    "quota": 1529.61,
    "used": 20.39,
    "timestamp": 1780147609.3526087
  },
  "AnyRouter4_cookies": {
    "quota": 2684.07,
    "used": 40.93,
    "timestamp": 1780147617.6427033
  },
  "AnyRouter5_cookies": {
    "quota": 2790.11,
    "used": 34.89,
    "timestamp": 1780147627.471381
  },
  "AnyRouter6_cookies": {
    "quota": 3329.29,
    "used": 120.71,
    "timestamp": 1780147638.1079073
  },
  "AnyRouter7_cookies": {
    "quota": 3199.74,
    "used": 250.26,
    "timestamp": 1780147646.5207748
  },
  "AnyRouter8_cookies": {
    "quota": 4481.16,
    "used": 1218.84,
    "timestamp": 1780147656.5406187
  },
  "AnyRouter9_cookies": {
    "quota": 2712.58,
    "used": 187.42,
    "timestamp": 1780147665.7823677
  },
  "AnyRouter10_cookies": {
    "quota": 2922.92,
    "used": 27.08,
    "timestamp": 1780147675.8930955
  },
  "AnyRouter11_cookies": {
    "quota": 2940.0,
    "used": 35.0,
    "timestamp": 1780147686.3961694
  },
  "AnyRouter12_cookies": {
    "quota": 2966.15,
    "used": 33.85,
    "timestamp": 1780147696.2487326
  },
  "AnyRouter13_cookies": {
    "quota": 3123.5,
    "used": 51.5,
    "timestamp": 1780147706.3398361
  },
  "AnyRouter14_cookies": {
    "quota": 4229.29,
    "used": 645.71,
    "timestamp": 1780147715.335344
  }
}