{
  "AnyRouter1_cookies": {
    "quota": 2155.39,
    "used": 644.61,
    "timestamp": 1784860311.8954582
  },
  "AnyRouter4_cookies": {
    "quota": 4051.31,
    "used": 48.69,
    "timestamp": 1784860319.530637
  },
  "AnyRouter7_cookies": {
    "quota": 4413.14,
    "used": 411.86,
    "timestamp": 1784860328.7490692
  },
  "AnyRouter10_cookies": {
    "quota": 4104.04,
    "used": 220.96,
    "timestamp": 1784860337.7075517
  },
  "AnyRouter13_cookies": {
    "quota": 4043.89,
    "used": 506.11,
    "timestamp": 1784860345.9614875
  }
}