{
  "dctx_email": {
    "quota": 1010.69,
    "used": 2114.31,
    "timestamp": 1769235349.069553
  },
  "ljq_email": {
    "quota": 1303.06,
    "used": 1722.03,
    "timestamp": 1769235371.1653929
  },
  "zc_email": {
    "quota": 778.26,
    "used": 2233.7,
    "timestamp": 1769235392.860834
  },
  "zj_email": {
    "quota": 1975.0,
    "used": 0.0,
    "timestamp": 1769235474.8033175
  },
  "fks_email": {
    "quota": 1975.0,
    "used": 0.0,
    "timestamp": 1769235496.6141298
  },
  "dxh_email": {
    "quota": 1975.0,
    "used": 0.0,
    "timestamp": 1769235520.709169
  },
  "zhb_email": {
    "quota": 1975.0,
    "used": 0.0,
    "timestamp": 1769235543.2020695
  },
  "linuxdo_84404_cookies": {
    "quota": 1093.12,
    "used": 1506.88,
    "timestamp": 1769235400.4017365
  },
  "linux_chuang_cookies": {
    "quota": 2316.86,
    "used": 58.14,
    "timestamp": 1768976425.9971125
  },
  "linux_bwj_cookies": {
    "quota": 400.04,
    "used": 1849.08,
    "timestamp": 1769235424.9941642
  },
  "linux_devbai_cookies": {
    "quota": 435.41,
    "used": 1914.59,
    "timestamp": 1768976443.3059564
  },
  "linux_Yeahnet_cookies": {
    "quota": 563.26,
    "used": 1786.74,
    "timestamp": 1768976452.2607367
  },
  "AnyRouter主账号_cookies": {
    "quota": 2556.14,
    "used": 918.86,
    "timestamp": 1772456229.6933565
  },
  "AnyRouter二账号_cookies": {
    "quota": 2639.06,
    "used": 10.94,
    "timestamp": 1772456238.5058482
  },
  "AnyRouter三账号_cookies": {
    "quota": 775.0,
    "used": 0.0,
    "timestamp": 1772456246.6930487
  },
  "AnyRouter四账号_cookies": {
    "quota": 700.0,
    "used": 0.0,
    "timestamp": 1772456254.6120656
  },
  "AnyRouter五账号_cookies": {
    "quota": 465.97,
    "used": 159.03,
    "timestamp": 1772456263.4272258
  },
  "AnyRouter六账号liucom_cookies": {
    "quota": 950.0,
    "used": 0.0,
    "timestamp": 1772456271.6489592
  },
  "AnyRouter七账号_cookies": {
    "quota": 675.0,
    "used": 0.0,
    "timestamp": 1772456280.380248
  },
  "AnyRouter1_cookies": {
    "quota": 510.53,
    "used": 1339.47,
    "timestamp": 1782225943.7911944
  },
  "AnyRouter2_cookies": {
    "quota": 1397.73,
    "used": 627.27,
    "timestamp": 1782225952.0583537
  },
  "AnyRouter3_cookies": {
    "quota": 2035.59,
    "used": 114.41,
    "timestamp": 1782225959.621632
  },
  "AnyRouter4_cookies": {
    "quota": 3276.31,
    "used": 48.69,
    "timestamp": 1782225967.4538689
  },
  "AnyRouter5_cookies": {
    "quota": 3390.11,
    "used": 34.89,
    "timestamp": 1782225976.6473167
  },
  "AnyRouter6_cookies": {
    "quota": 3928.6,
    "used": 121.4,
    "timestamp": 1782225984.4070923
  },
  "AnyRouter7_cookies": {
    "quota": 3748.9,
    "used": 301.1,
    "timestamp": 1782225991.8214283
  },
  "AnyRouter8_cookies": {
    "quota": 4745.41,
    "used": 1554.59,
    "timestamp": 1782226000.8161798
  },
  "AnyRouter9_cookies": {
    "quota": 3312.58,
    "used": 187.42,
    "timestamp": 1782226009.2357411
  },
  "AnyRouter10_cookies": {
    "quota": 3432.25,
    "used": 117.75,
    "timestamp": 1782226016.6740234
  },
  "AnyRouter11_cookies": {
    "quota": 3470.04,
    "used": 104.96,
    "timestamp": 1782226024.3534687
  },
  "AnyRouter12_cookies": {
    "quota": 3566.15,
    "used": 33.85,
    "timestamp": 1782226032.9183102
  },
  "AnyRouter13_cookies": {
    "quota": 3717.1,
    "used": 57.9,
    "timestamp": 1782226039.901738
  },
  "AnyRouter14_cookies": {
    "quota": 4696.5,
    "used": 778.5,
    "timestamp": 1782226048.4367476
  }
}