{
  "AnyRouter1_cookies": {
    "quota": 2130.39,
    "used": 644.61,
    "timestamp": 1784834032.459824
  },
  "AnyRouter4_cookies": {
    "quota": 4026.31,
    "used": 48.69,
    "timestamp": 1784834041.8663867
  },
  "AnyRouter7_cookies": {
    "quota": 4388.14,
    "used": 411.86,
    "timestamp": 1784834051.4829142
  },
  "AnyRouter10_cookies": {
    "quota": 4079.04,
    "used": 220.96,
    "timestamp": 1784834059.6330526
  },
  "AnyRouter13_cookies": {
    "quota": 4018.89,
    "used": 506.11,
    "timestamp": 1784834068.1030896
  }
}