{
  "dctx_email": {
    "quota": 1010.69,
    "used": 2114.31,
    "timestamp": 1769235349.069553
  },
  "ljq_email": {
    "quota": 1303.06,
    "used": 1722.03,
    "timestamp": 1769235371.1653929
  },
  "zc_email": {
    "quota": 778.26,
    "used": 2233.7,
    "timestamp": 1769235392.860834
  },
  "zj_email": {
    "quota": 1975.0,
    "used": 0.0,
    "timestamp": 1769235474.8033175
  },
  "fks_email": {
    "quota": 1975.0,
    "used": 0.0,
    "timestamp": 1769235496.6141298
  },
  "dxh_email": {
    "quota": 1975.0,
    "used": 0.0,
    "timestamp": 1769235520.709169
  },
  "zhb_email": {
    "quota": 1975.0,
    "used": 0.0,
    "timestamp": 1769235543.2020695
  },
  "linuxdo_84404_cookies": {
    "quota": 1093.12,
    "used": 1506.88,
    "timestamp": 1769235400.4017365
  },
  "linux_chuang_cookies": {
    "quota": 2316.86,
    "used": 58.14,
    "timestamp": 1768976425.9971125
  },
  "linux_bwj_cookies": {
    "quota": 400.04,
    "used": 1849.08,
    "timestamp": 1769235424.9941642
  },
  "linux_devbai_cookies": {
    "quota": 435.41,
    "used": 1914.59,
    "timestamp": 1768976443.3059564
  },
  "linux_Yeahnet_cookies": {
    "quota": 563.26,
    "used": 1786.74,
    "timestamp": 1768976452.2607367
  },
  "AnyRouter主账号_cookies": {
    "quota": 2556.14,
    "used": 918.86,
    "timestamp": 1772456229.6933565
  },
  "AnyRouter二账号_cookies": {
    "quota": 2639.06,
    "used": 10.94,
    "timestamp": 1772456238.5058482
  },
  "AnyRouter三账号_cookies": {
    "quota": 775.0,
    "used": 0.0,
    "timestamp": 1772456246.6930487
  },
  "AnyRouter四账号_cookies": {
    "quota": 700.0,
    "used": 0.0,
    "timestamp": 1772456254.6120656
  },
  "AnyRouter五账号_cookies": {
    "quota": 465.97,
    "used": 159.03,
    "timestamp": 1772456263.4272258
  },
  "AnyRouter六账号liucom_cookies": {
    "quota": 950.0,
    "used": 0.0,
    "timestamp": 1772456271.6489592
  },
  "AnyRouter七账号_cookies": {
    "quota": 675.0,
    "used": 0.0,
    "timestamp": 1772456280.380248
  },
  "AnyRouter1_cookies": {
    "quota": 647.25,
    "used": 2.75,
    "timestamp": 1772973962.9443119
  },
  "AnyRouter2_cookies": {
    "quota": 746.36,
    "used": 3.64,
    "timestamp": 1772973970.3277938
  },
  "AnyRouter3_cookies": {
    "quota": 1371.4,
    "used": 3.6,
    "timestamp": 1772973977.8950696
  },
  "AnyRouter4_cookies": {
    "quota": 1370.49,
    "used": 4.51,
    "timestamp": 1772973986.2157588
  },
  "AnyRouter5_cookies": {
    "quota": 2568.72,
    "used": 1056.28,
    "timestamp": 1772973993.6743145
  },
  "AnyRouter6_cookies": {
    "quota": 612.4,
    "used": 162.6,
    "timestamp": 1772974002.9658036
  },
  "AnyRouter7_cookies": {
    "quota": 821.27,
    "used": 3.73,
    "timestamp": 1772974011.6965702
  },
  "AnyRouter8_cookies": {
    "quota": 847.25,
    "used": 2.75,
    "timestamp": 1772974019.683696
  },
  "AnyRouter9_cookies": {
    "quota": 921.37,
    "used": 3.63,
    "timestamp": 1772974028.425891
  },
  "AnyRouter10_cookies": {
    "quota": 1095.12,
    "used": 4.88,
    "timestamp": 1772974036.8729072
  },
  "AnyRouter11_cookies": {
    "quota": 2785.55,
    "used": 14.45,
    "timestamp": 1772974044.3456132
  }
}