{
  "dctx_email": {
    "quota": 1010.69,
    "used": 2114.31,
    "timestamp": 1769235349.069553
  },
  "ljq_email": {
    "quota": 1303.06,
    "used": 1722.03,
    "timestamp": 1769235371.1653929
  },
  "zc_email": {
    "quota": 778.26,
    "used": 2233.7,
    "timestamp": 1769235392.860834
  },
  "zj_email": {
    "quota": 1975.0,
    "used": 0.0,
    "timestamp": 1769235474.8033175
  },
  "fks_email": {
    "quota": 1975.0,
    "used": 0.0,
    "timestamp": 1769235496.6141298
  },
  "dxh_email": {
    "quota": 1975.0,
    "used": 0.0,
    "timestamp": 1769235520.709169
  },
  "zhb_email": {
    "quota": 1975.0,
    "used": 0.0,
    "timestamp": 1769235543.2020695
  },
  "linuxdo_84404_cookies": {
    "quota": 1093.12,
    "used": 1506.88,
    "timestamp": 1769235400.4017365
  },
  "linux_chuang_cookies": {
    "quota": 2316.86,
    "used": 58.14,
    "timestamp": 1768976425.9971125
  },
  "linux_bwj_cookies": {
    "quota": 400.04,
    "used": 1849.08,
    "timestamp": 1769235424.9941642
  },
  "linux_devbai_cookies": {
    "quota": 435.41,
    "used": 1914.59,
    "timestamp": 1768976443.3059564
  },
  "linux_Yeahnet_cookies": {
    "quota": 563.26,
    "used": 1786.74,
    "timestamp": 1768976452.2607367
  },
  "AnyRouter主账号_cookies": {
    "quota": 2556.14,
    "used": 918.86,
    "timestamp": 1772456229.6933565
  },
  "AnyRouter二账号_cookies": {
    "quota": 2639.06,
    "used": 10.94,
    "timestamp": 1772456238.5058482
  },
  "AnyRouter三账号_cookies": {
    "quota": 775.0,
    "used": 0.0,
    "timestamp": 1772456246.6930487
  },
  "AnyRouter四账号_cookies": {
    "quota": 700.0,
    "used": 0.0,
    "timestamp": 1772456254.6120656
  },
  "AnyRouter五账号_cookies": {
    "quota": 465.97,
    "used": 159.03,
    "timestamp": 1772456263.4272258
  },
  "AnyRouter六账号liucom_cookies": {
    "quota": 950.0,
    "used": 0.0,
    "timestamp": 1772456271.6489592
  },
  "AnyRouter七账号_cookies": {
    "quota": 675.0,
    "used": 0.0,
    "timestamp": 1772456280.380248
  },
  "AnyRouter1_cookies": {
    "quota": 891.67,
    "used": 58.33,
    "timestamp": 1779075231.839171
  },
  "AnyRouter2_cookies": {
    "quota": 1018.72,
    "used": 106.28,
    "timestamp": 1779075240.0256124
  },
  "AnyRouter3_cookies": {
    "quota": 1235.39,
    "used": 14.61,
    "timestamp": 1779075247.8351226
  },
  "AnyRouter4_cookies": {
    "quota": 2384.07,
    "used": 40.93,
    "timestamp": 1779075256.0125146
  },
  "AnyRouter5_cookies": {
    "quota": 2490.11,
    "used": 34.89,
    "timestamp": 1779075264.0408957
  },
  "AnyRouter6_cookies": {
    "quota": 3036.32,
    "used": 113.68,
    "timestamp": 1779075272.174874
  },
  "AnyRouter7_cookies": {
    "quota": 2927.94,
    "used": 222.06,
    "timestamp": 1779075281.3308325
  },
  "AnyRouter8_cookies": {
    "quota": 4332.08,
    "used": 1067.92,
    "timestamp": 1779075289.2997715
  },
  "AnyRouter9_cookies": {
    "quota": 2412.58,
    "used": 187.42,
    "timestamp": 1779075297.5105872
  },
  "AnyRouter10_cookies": {
    "quota": 2622.92,
    "used": 27.08,
    "timestamp": 1779075305.0067031
  },
  "AnyRouter11_cookies": {
    "quota": 2640.0,
    "used": 35.0,
    "timestamp": 1779075313.7554789
  },
  "AnyRouter12_cookies": {
    "quota": 2666.15,
    "used": 33.85,
    "timestamp": 1779075321.4594786
  },
  "AnyRouter13_cookies": {
    "quota": 2823.5,
    "used": 51.5,
    "timestamp": 1779075329.226249
  },
  "AnyRouter14_cookies": {
    "quota": 4051.09,
    "used": 523.91,
    "timestamp": 1779075337.5404735
  }
}