{
  "dctx_email": {
    "quota": 1010.69,
    "used": 2114.31,
    "timestamp": 1769235349.069553
  },
  "ljq_email": {
    "quota": 1303.06,
    "used": 1722.03,
    "timestamp": 1769235371.1653929
  },
  "zc_email": {
    "quota": 778.26,
    "used": 2233.7,
    "timestamp": 1769235392.860834
  },
  "zj_email": {
    "quota": 1975.0,
    "used": 0.0,
    "timestamp": 1769235474.8033175
  },
  "fks_email": {
    "quota": 1975.0,
    "used": 0.0,
    "timestamp": 1769235496.6141298
  },
  "dxh_email": {
    "quota": 1975.0,
    "used": 0.0,
    "timestamp": 1769235520.709169
  },
  "zhb_email": {
    "quota": 1975.0,
    "used": 0.0,
    "timestamp": 1769235543.2020695
  },
  "linuxdo_84404_cookies": {
    "quota": 1093.12,
    "used": 1506.88,
    "timestamp": 1769235400.4017365
  },
  "linux_chuang_cookies": {
    "quota": 2316.86,
    "used": 58.14,
    "timestamp": 1768976425.9971125
  },
  "linux_bwj_cookies": {
    "quota": 400.04,
    "used": 1849.08,
    "timestamp": 1769235424.9941642
  },
  "linux_devbai_cookies": {
    "quota": 435.41,
    "used": 1914.59,
    "timestamp": 1768976443.3059564
  },
  "linux_Yeahnet_cookies": {
    "quota": 563.26,
    "used": 1786.74,
    "timestamp": 1768976452.2607367
  },
  "AnyRouter主账号_cookies": {
    "quota": 2556.14,
    "used": 918.86,
    "timestamp": 1772456229.6933565
  },
  "AnyRouter二账号_cookies": {
    "quota": 2639.06,
    "used": 10.94,
    "timestamp": 1772456238.5058482
  },
  "AnyRouter三账号_cookies": {
    "quota": 775.0,
    "used": 0.0,
    "timestamp": 1772456246.6930487
  },
  "AnyRouter四账号_cookies": {
    "quota": 700.0,
    "used": 0.0,
    "timestamp": 1772456254.6120656
  },
  "AnyRouter五账号_cookies": {
    "quota": 465.97,
    "used": 159.03,
    "timestamp": 1772456263.4272258
  },
  "AnyRouter六账号liucom_cookies": {
    "quota": 950.0,
    "used": 0.0,
    "timestamp": 1772456271.6489592
  },
  "AnyRouter七账号_cookies": {
    "quota": 675.0,
    "used": 0.0,
    "timestamp": 1772456280.380248
  },
  "AnyRouter1_cookies": {
    "quota": 1002.27,
    "used": 22.73,
    "timestamp": 1774271123.0266137
  },
  "AnyRouter2_cookies": {
    "quota": 1091.09,
    "used": 33.91,
    "timestamp": 1774271131.9313073
  },
  "AnyRouter3_cookies": {
    "quota": 1722.49,
    "used": 27.51,
    "timestamp": 1774271140.5726645
  },
  "AnyRouter4_cookies": {
    "quota": 1715.7,
    "used": 34.3,
    "timestamp": 1774271149.6751704
  },
  "AnyRouter5_cookies": {
    "quota": 2932.08,
    "used": 1067.92,
    "timestamp": 1774271158.4118266
  },
  "AnyRouter6_cookies": {
    "quota": 964.15,
    "used": 185.85,
    "timestamp": 1774271166.7154427
  },
  "AnyRouter7_cookies": {
    "quota": 1174.42,
    "used": 25.58,
    "timestamp": 1774271175.494399
  },
  "AnyRouter8_cookies": {
    "quota": 1206.0,
    "used": 19.0,
    "timestamp": 1774271184.6625664
  },
  "AnyRouter9_cookies": {
    "quota": 1274.94,
    "used": 25.06,
    "timestamp": 1774271193.4417229
  },
  "AnyRouter10_cookies": {
    "quota": 1449.52,
    "used": 25.48,
    "timestamp": 1774271202.675452
  },
  "AnyRouter11_cookies": {
    "quota": 2978.32,
    "used": 196.68,
    "timestamp": 1774271211.678198
  }
}