{
  "AnyRouter3_cookies": {
    "quota": 2785.56,
    "used": 114.44,
    "timestamp": 1784774083.0068166
  },
  "AnyRouter6_cookies": {
    "quota": 4678.6,
    "used": 121.4,
    "timestamp": 1784774091.0743723
  },
  "AnyRouter9_cookies": {
    "quota": 3834.66,
    "used": 415.34,
    "timestamp": 1784774099.9483857
  },
  "AnyRouter12_cookies": {
    "quota": 4316.15,
    "used": 33.85,
    "timestamp": 1784774109.1571498
  }
}