{
  "AnyRouter1_cookies": {
    "quota": 2105.39,
    "used": 644.61,
    "timestamp": 1784708463.3393195
  },
  "AnyRouter4_cookies": {
    "quota": 4001.31,
    "used": 48.69,
    "timestamp": 1784708471.7213035
  },
  "AnyRouter7_cookies": {
    "quota": 4473.9,
    "used": 301.1,
    "timestamp": 1784708480.7021394
  },
  "AnyRouter10_cookies": {
    "quota": 4054.04,
    "used": 220.96,
    "timestamp": 1784708488.5608995
  },
  "AnyRouter13_cookies": {
    "quota": 3995.25,
    "used": 504.75,
    "timestamp": 1784708498.281882
  }
}