{
  "AnyRouter3_cookies": {
    "quota": 2810.56,
    "used": 114.44,
    "timestamp": 1784920960.5100574
  },
  "AnyRouter6_cookies": {
    "quota": 4703.6,
    "used": 121.4,
    "timestamp": 1784920968.5833352
  },
  "AnyRouter9_cookies": {
    "quota": 3859.66,
    "used": 415.34,
    "timestamp": 1784920977.912778
  },
  "AnyRouter12_cookies": {
    "quota": 4341.15,
    "used": 33.85,
    "timestamp": 1784920986.1653044
  }
}