{
  "dctx_email": {
    "quota": 1010.69,
    "used": 2114.31,
    "timestamp": 1769235349.069553
  },
  "ljq_email": {
    "quota": 1303.06,
    "used": 1722.03,
    "timestamp": 1769235371.1653929
  },
  "zc_email": {
    "quota": 778.26,
    "used": 2233.7,
    "timestamp": 1769235392.860834
  },
  "zj_email": {
    "quota": 1975.0,
    "used": 0.0,
    "timestamp": 1769235474.8033175
  },
  "fks_email": {
    "quota": 1975.0,
    "used": 0.0,
    "timestamp": 1769235496.6141298
  },
  "dxh_email": {
    "quota": 1975.0,
    "used": 0.0,
    "timestamp": 1769235520.709169
  },
  "zhb_email": {
    "quota": 1975.0,
    "used": 0.0,
    "timestamp": 1769235543.2020695
  },
  "linuxdo_84404_cookies": {
    "quota": 1093.12,
    "used": 1506.88,
    "timestamp": 1769235400.4017365
  },
  "linux_chuang_cookies": {
    "quota": 2316.86,
    "used": 58.14,
    "timestamp": 1768976425.9971125
  },
  "linux_bwj_cookies": {
    "quota": 400.04,
    "used": 1849.08,
    "timestamp": 1769235424.9941642
  },
  "linux_devbai_cookies": {
    "quota": 435.41,
    "used": 1914.59,
    "timestamp": 1768976443.3059564
  },
  "linux_Yeahnet_cookies": {
    "quota": 563.26,
    "used": 1786.74,
    "timestamp": 1768976452.2607367
  },
  "AnyRouter主账号_cookies": {
    "quota": 2556.14,
    "used": 918.86,
    "timestamp": 1772456229.6933565
  },
  "AnyRouter二账号_cookies": {
    "quota": 2639.06,
    "used": 10.94,
    "timestamp": 1772456238.5058482
  },
  "AnyRouter三账号_cookies": {
    "quota": 775.0,
    "used": 0.0,
    "timestamp": 1772456246.6930487
  },
  "AnyRouter四账号_cookies": {
    "quota": 700.0,
    "used": 0.0,
    "timestamp": 1772456254.6120656
  },
  "AnyRouter五账号_cookies": {
    "quota": 465.97,
    "used": 159.03,
    "timestamp": 1772456263.4272258
  },
  "AnyRouter六账号liucom_cookies": {
    "quota": 950.0,
    "used": 0.0,
    "timestamp": 1772456271.6489592
  },
  "AnyRouter七账号_cookies": {
    "quota": 675.0,
    "used": 0.0,
    "timestamp": 1772456280.380248
  },
  "AnyRouter1_cookies": {
    "quota": 832.01,
    "used": 17.99,
    "timestamp": 1773687634.3732371
  },
  "AnyRouter2_cookies": {
    "quota": 921.33,
    "used": 28.67,
    "timestamp": 1773687642.554309
  },
  "AnyRouter3_cookies": {
    "quota": 1553.93,
    "used": 21.07,
    "timestamp": 1773687651.0390081
  },
  "AnyRouter4_cookies": {
    "quota": 1552.95,
    "used": 22.05,
    "timestamp": 1773687659.666402
  },
  "AnyRouter5_cookies": {
    "quota": 2757.08,
    "used": 1067.92,
    "timestamp": 1773687668.4715192
  },
  "AnyRouter6_cookies": {
    "quota": 796.15,
    "used": 178.85,
    "timestamp": 1773687678.5211651
  },
  "AnyRouter7_cookies": {
    "quota": 1004.28,
    "used": 20.72,
    "timestamp": 1773687687.5963159
  },
  "AnyRouter8_cookies": {
    "quota": 1036.39,
    "used": 13.61,
    "timestamp": 1773687697.4781408
  },
  "AnyRouter9_cookies": {
    "quota": 1105.82,
    "used": 19.18,
    "timestamp": 1773687706.6129167
  },
  "AnyRouter10_cookies": {
    "quota": 1278.81,
    "used": 21.19,
    "timestamp": 1773687716.414409
  },
  "AnyRouter11_cookies": {
    "quota": 2821.63,
    "used": 178.37,
    "timestamp": 1773687725.9719162
  }
}