{
  "AnyRouter1_cookies": {
    "quota": 2130.39,
    "used": 644.61,
    "timestamp": 1784774084.9484472
  },
  "AnyRouter4_cookies": {
    "quota": 4026.31,
    "used": 48.69,
    "timestamp": 1784774093.705013
  },
  "AnyRouter7_cookies": {
    "quota": 4484.12,
    "used": 315.88,
    "timestamp": 1784774101.9402156
  },
  "AnyRouter10_cookies": {
    "quota": 4079.04,
    "used": 220.96,
    "timestamp": 1784774109.8065908
  },
  "AnyRouter13_cookies": {
    "quota": 4018.89,
    "used": 506.11,
    "timestamp": 1784774118.3838828
  }
}