{
  "AnyRouter1_cookies": {
    "quota": 2130.39,
    "used": 644.61,
    "timestamp": 1784795227.454745
  },
  "AnyRouter4_cookies": {
    "quota": 4026.31,
    "used": 48.69,
    "timestamp": 1784795235.2910385
  },
  "AnyRouter7_cookies": {
    "quota": 4431.5,
    "used": 368.5,
    "timestamp": 1784795243.9002593
  },
  "AnyRouter10_cookies": {
    "quota": 4079.04,
    "used": 220.96,
    "timestamp": 1784795272.5655882
  },
  "AnyRouter13_cookies": {
    "quota": 4018.89,
    "used": 506.11,
    "timestamp": 1784795281.2988338
  }
}