{
  "AnyRouter3_cookies": {
    "quota": 2810.56,
    "used": 114.44,
    "timestamp": 1784900447.140916
  },
  "AnyRouter6_cookies": {
    "quota": 4703.6,
    "used": 121.4,
    "timestamp": 1784900455.5095797
  },
  "AnyRouter9_cookies": {
    "quota": 3859.66,
    "used": 415.34,
    "timestamp": 1784900463.9268274
  },
  "AnyRouter12_cookies": {
    "quota": 4341.15,
    "used": 33.85,
    "timestamp": 1784900472.3284209
  }
}