{
  "dctx_email": {
    "quota": 1010.69,
    "used": 2114.31,
    "timestamp": 1769235349.069553
  },
  "ljq_email": {
    "quota": 1303.06,
    "used": 1722.03,
    "timestamp": 1769235371.1653929
  },
  "zc_email": {
    "quota": 778.26,
    "used": 2233.7,
    "timestamp": 1769235392.860834
  },
  "zj_email": {
    "quota": 1975.0,
    "used": 0.0,
    "timestamp": 1769235474.8033175
  },
  "fks_email": {
    "quota": 1975.0,
    "used": 0.0,
    "timestamp": 1769235496.6141298
  },
  "dxh_email": {
    "quota": 1975.0,
    "used": 0.0,
    "timestamp": 1769235520.709169
  },
  "zhb_email": {
    "quota": 1975.0,
    "used": 0.0,
    "timestamp": 1769235543.2020695
  },
  "linuxdo_84404_cookies": {
    "quota": 1093.12,
    "used": 1506.88,
    "timestamp": 1769235400.4017365
  },
  "linux_chuang_cookies": {
    "quota": 2316.86,
    "used": 58.14,
    "timestamp": 1768976425.9971125
  },
  "linux_bwj_cookies": {
    "quota": 400.04,
    "used": 1849.08,
    "timestamp": 1769235424.9941642
  },
  "linux_devbai_cookies": {
    "quota": 435.41,
    "used": 1914.59,
    "timestamp": 1768976443.3059564
  },
  "linux_Yeahnet_cookies": {
    "quota": 563.26,
    "used": 1786.74,
    "timestamp": 1768976452.2607367
  },
  "AnyRouter主账号_cookies": {
    "quota": 2556.14,
    "used": 918.86,
    "timestamp": 1772456229.6933565
  },
  "AnyRouter二账号_cookies": {
    "quota": 2639.06,
    "used": 10.94,
    "timestamp": 1772456238.5058482
  },
  "AnyRouter三账号_cookies": {
    "quota": 775.0,
    "used": 0.0,
    "timestamp": 1772456246.6930487
  },
  "AnyRouter四账号_cookies": {
    "quota": 700.0,
    "used": 0.0,
    "timestamp": 1772456254.6120656
  },
  "AnyRouter五账号_cookies": {
    "quota": 465.97,
    "used": 159.03,
    "timestamp": 1772456263.4272258
  },
  "AnyRouter六账号liucom_cookies": {
    "quota": 950.0,
    "used": 0.0,
    "timestamp": 1772456271.6489592
  },
  "AnyRouter七账号_cookies": {
    "quota": 675.0,
    "used": 0.0,
    "timestamp": 1772456280.380248
  },
  "AnyRouter1_cookies": {
    "quota": 711.54,
    "used": 13.46,
    "timestamp": 1773233897.0222049
  },
  "AnyRouter2_cookies": {
    "quota": 812.56,
    "used": 12.44,
    "timestamp": 1773233905.981252
  },
  "AnyRouter3_cookies": {
    "quota": 1438.17,
    "used": 11.83,
    "timestamp": 1773233914.0149913
  },
  "AnyRouter4_cookies": {
    "quota": 1435.54,
    "used": 14.46,
    "timestamp": 1773233922.6405547
  },
  "AnyRouter5_cookies": {
    "quota": 2632.08,
    "used": 1067.92,
    "timestamp": 1773233931.4065404
  },
  "AnyRouter6_cookies": {
    "quota": 677.6,
    "used": 172.4,
    "timestamp": 1773233940.509576
  },
  "AnyRouter7_cookies": {
    "quota": 886.07,
    "used": 13.93,
    "timestamp": 1773233948.4143002
  },
  "AnyRouter8_cookies": {
    "quota": 916.84,
    "used": 8.16,
    "timestamp": 1773233956.75436
  },
  "AnyRouter9_cookies": {
    "quota": 988.35,
    "used": 11.65,
    "timestamp": 1773233965.8445182
  },
  "AnyRouter10_cookies": {
    "quota": 1159.71,
    "used": 15.29,
    "timestamp": 1773233974.5808003
  },
  "AnyRouter11_cookies": {
    "quota": 2851.49,
    "used": 23.51,
    "timestamp": 1773233982.549546
  }
}