{
  "dctx_email": {
    "quota": 1010.69,
    "used": 2114.31,
    "timestamp": 1769235349.069553
  },
  "ljq_email": {
    "quota": 1303.06,
    "used": 1722.03,
    "timestamp": 1769235371.1653929
  },
  "zc_email": {
    "quota": 778.26,
    "used": 2233.7,
    "timestamp": 1769235392.860834
  },
  "zj_email": {
    "quota": 1975.0,
    "used": 0.0,
    "timestamp": 1769235474.8033175
  },
  "fks_email": {
    "quota": 1975.0,
    "used": 0.0,
    "timestamp": 1769235496.6141298
  },
  "dxh_email": {
    "quota": 1975.0,
    "used": 0.0,
    "timestamp": 1769235520.709169
  },
  "zhb_email": {
    "quota": 1975.0,
    "used": 0.0,
    "timestamp": 1769235543.2020695
  },
  "linuxdo_84404_cookies": {
    "quota": 1093.12,
    "used": 1506.88,
    "timestamp": 1769235400.4017365
  },
  "linux_chuang_cookies": {
    "quota": 2316.86,
    "used": 58.14,
    "timestamp": 1768976425.9971125
  },
  "linux_bwj_cookies": {
    "quota": 400.04,
    "used": 1849.08,
    "timestamp": 1769235424.9941642
  },
  "linux_devbai_cookies": {
    "quota": 435.41,
    "used": 1914.59,
    "timestamp": 1768976443.3059564
  },
  "linux_Yeahnet_cookies": {
    "quota": 563.26,
    "used": 1786.74,
    "timestamp": 1768976452.2607367
  },
  "AnyRouter主账号_cookies": {
    "quota": 2556.14,
    "used": 918.86,
    "timestamp": 1772456229.6933565
  },
  "AnyRouter二账号_cookies": {
    "quota": 2639.06,
    "used": 10.94,
    "timestamp": 1772456238.5058482
  },
  "AnyRouter三账号_cookies": {
    "quota": 775.0,
    "used": 0.0,
    "timestamp": 1772456246.6930487
  },
  "AnyRouter四账号_cookies": {
    "quota": 700.0,
    "used": 0.0,
    "timestamp": 1772456254.6120656
  },
  "AnyRouter五账号_cookies": {
    "quota": 465.97,
    "used": 159.03,
    "timestamp": 1772456263.4272258
  },
  "AnyRouter六账号liucom_cookies": {
    "quota": 950.0,
    "used": 0.0,
    "timestamp": 1772456271.6489592
  },
  "AnyRouter七账号_cookies": {
    "quota": 675.0,
    "used": 0.0,
    "timestamp": 1772456280.380248
  },
  "AnyRouter1_cookies": {
    "quota": 606.64,
    "used": 993.36,
    "timestamp": 1781321702.8425198
  },
  "AnyRouter2_cookies": {
    "quota": 1203.14,
    "used": 571.86,
    "timestamp": 1781321711.964072
  },
  "AnyRouter3_cookies": {
    "quota": 1835.84,
    "used": 64.16,
    "timestamp": 1781321719.2774422
  },
  "AnyRouter4_cookies": {
    "quota": 3026.31,
    "used": 48.69,
    "timestamp": 1781321728.1440868
  },
  "AnyRouter5_cookies": {
    "quota": 3140.11,
    "used": 34.89,
    "timestamp": 1781321736.873495
  },
  "AnyRouter6_cookies": {
    "quota": 3678.6,
    "used": 121.4,
    "timestamp": 1781321745.7785532
  },
  "AnyRouter7_cookies": {
    "quota": 3498.9,
    "used": 301.1,
    "timestamp": 1781321753.482572
  },
  "AnyRouter8_cookies": {
    "quota": 4495.41,
    "used": 1554.59,
    "timestamp": 1781321762.0006876
  },
  "AnyRouter9_cookies": {
    "quota": 3062.58,
    "used": 187.42,
    "timestamp": 1781321769.3793464
  },
  "AnyRouter10_cookies": {
    "quota": 3272.92,
    "used": 27.08,
    "timestamp": 1781321777.4318898
  },
  "AnyRouter11_cookies": {
    "quota": 3290.0,
    "used": 35.0,
    "timestamp": 1781321785.943183
  },
  "AnyRouter12_cookies": {
    "quota": 3316.15,
    "used": 33.85,
    "timestamp": 1781321794.72825
  },
  "AnyRouter13_cookies": {
    "quota": 3467.1,
    "used": 57.9,
    "timestamp": 1781321801.881707
  },
  "AnyRouter14_cookies": {
    "quota": 4485.85,
    "used": 739.15,
    "timestamp": 1781321811.0111747
  }
}