{
  "AnyRouter1_cookies": {
    "quota": 2155.39,
    "used": 644.61,
    "timestamp": 1784881508.9532387
  },
  "AnyRouter4_cookies": {
    "quota": 4051.31,
    "used": 48.69,
    "timestamp": 1784881517.402364
  },
  "AnyRouter7_cookies": {
    "quota": 4413.14,
    "used": 411.86,
    "timestamp": 1784881524.8476856
  },
  "AnyRouter10_cookies": {
    "quota": 4104.04,
    "used": 220.96,
    "timestamp": 1784881533.8994806
  },
  "AnyRouter13_cookies": {
    "quota": 4043.89,
    "used": 506.11,
    "timestamp": 1784881541.5731597
  }
}