{
  "dctx_email": {
    "quota": 1010.69,
    "used": 2114.31,
    "timestamp": 1769235349.069553
  },
  "ljq_email": {
    "quota": 1303.06,
    "used": 1722.03,
    "timestamp": 1769235371.1653929
  },
  "zc_email": {
    "quota": 778.26,
    "used": 2233.7,
    "timestamp": 1769235392.860834
  },
  "zj_email": {
    "quota": 1975.0,
    "used": 0.0,
    "timestamp": 1769235474.8033175
  },
  "fks_email": {
    "quota": 1975.0,
    "used": 0.0,
    "timestamp": 1769235496.6141298
  },
  "dxh_email": {
    "quota": 1975.0,
    "used": 0.0,
    "timestamp": 1769235520.709169
  },
  "zhb_email": {
    "quota": 1975.0,
    "used": 0.0,
    "timestamp": 1769235543.2020695
  },
  "linuxdo_84404_cookies": {
    "quota": 1093.12,
    "used": 1506.88,
    "timestamp": 1769235400.4017365
  },
  "linux_chuang_cookies": {
    "quota": 2316.86,
    "used": 58.14,
    "timestamp": 1768976425.9971125
  },
  "linux_bwj_cookies": {
    "quota": 400.04,
    "used": 1849.08,
    "timestamp": 1769235424.9941642
  },
  "linux_devbai_cookies": {
    "quota": 435.41,
    "used": 1914.59,
    "timestamp": 1768976443.3059564
  },
  "linux_Yeahnet_cookies": {
    "quota": 563.26,
    "used": 1786.74,
    "timestamp": 1768976452.2607367
  },
  "AnyRouter主账号_cookies": {
    "quota": 2556.14,
    "used": 918.86,
    "timestamp": 1772456229.6933565
  },
  "AnyRouter二账号_cookies": {
    "quota": 2639.06,
    "used": 10.94,
    "timestamp": 1772456238.5058482
  },
  "AnyRouter三账号_cookies": {
    "quota": 775.0,
    "used": 0.0,
    "timestamp": 1772456246.6930487
  },
  "AnyRouter四账号_cookies": {
    "quota": 700.0,
    "used": 0.0,
    "timestamp": 1772456254.6120656
  },
  "AnyRouter五账号_cookies": {
    "quota": 465.97,
    "used": 159.03,
    "timestamp": 1772456263.4272258
  },
  "AnyRouter六账号liucom_cookies": {
    "quota": 950.0,
    "used": 0.0,
    "timestamp": 1772456271.6489592
  },
  "AnyRouter七账号_cookies": {
    "quota": 675.0,
    "used": 0.0,
    "timestamp": 1772456280.380248
  },
  "AnyRouter1_cookies": {
    "quota": 711.16,
    "used": 13.84,
    "timestamp": 1773255186.0227559
  },
  "AnyRouter2_cookies": {
    "quota": 812.19,
    "used": 12.81,
    "timestamp": 1773255195.6241565
  },
  "AnyRouter3_cookies": {
    "quota": 1436.96,
    "used": 13.04,
    "timestamp": 1773255203.7451222
  },
  "AnyRouter4_cookies": {
    "quota": 1433.62,
    "used": 16.38,
    "timestamp": 1773255213.2894013
  },
  "AnyRouter5_cookies": {
    "quota": 2632.08,
    "used": 1067.92,
    "timestamp": 1773255221.9917886
  },
  "AnyRouter6_cookies": {
    "quota": 677.25,
    "used": 172.75,
    "timestamp": 1773255231.6484423
  },
  "AnyRouter7_cookies": {
    "quota": 885.45,
    "used": 14.55,
    "timestamp": 1773255241.1265187
  },
  "AnyRouter8_cookies": {
    "quota": 916.05,
    "used": 8.95,
    "timestamp": 1773255250.735037
  },
  "AnyRouter9_cookies": {
    "quota": 986.82,
    "used": 13.18,
    "timestamp": 1773255260.046188
  },
  "AnyRouter10_cookies": {
    "quota": 1158.25,
    "used": 16.75,
    "timestamp": 1773255269.782721
  },
  "AnyRouter11_cookies": {
    "quota": 2849.13,
    "used": 25.87,
    "timestamp": 1773255277.6122742
  }
}