{
  "dctx_email": {
    "quota": 1010.69,
    "used": 2114.31,
    "timestamp": 1769235349.069553
  },
  "ljq_email": {
    "quota": 1303.06,
    "used": 1722.03,
    "timestamp": 1769235371.1653929
  },
  "zc_email": {
    "quota": 778.26,
    "used": 2233.7,
    "timestamp": 1769235392.860834
  },
  "zj_email": {
    "quota": 1975.0,
    "used": 0.0,
    "timestamp": 1769235474.8033175
  },
  "fks_email": {
    "quota": 1975.0,
    "used": 0.0,
    "timestamp": 1769235496.6141298
  },
  "dxh_email": {
    "quota": 1975.0,
    "used": 0.0,
    "timestamp": 1769235520.709169
  },
  "zhb_email": {
    "quota": 1975.0,
    "used": 0.0,
    "timestamp": 1769235543.2020695
  },
  "linuxdo_84404_cookies": {
    "quota": 1093.12,
    "used": 1506.88,
    "timestamp": 1769235400.4017365
  },
  "linux_chuang_cookies": {
    "quota": 2316.86,
    "used": 58.14,
    "timestamp": 1768976425.9971125
  },
  "linux_bwj_cookies": {
    "quota": 400.04,
    "used": 1849.08,
    "timestamp": 1769235424.9941642
  },
  "linux_devbai_cookies": {
    "quota": 435.41,
    "used": 1914.59,
    "timestamp": 1768976443.3059564
  },
  "linux_Yeahnet_cookies": {
    "quota": 563.26,
    "used": 1786.74,
    "timestamp": 1768976452.2607367
  },
  "AnyRouter主账号_cookies": {
    "quota": 2556.14,
    "used": 918.86,
    "timestamp": 1772456229.6933565
  },
  "AnyRouter二账号_cookies": {
    "quota": 2639.06,
    "used": 10.94,
    "timestamp": 1772456238.5058482
  },
  "AnyRouter三账号_cookies": {
    "quota": 775.0,
    "used": 0.0,
    "timestamp": 1772456246.6930487
  },
  "AnyRouter四账号_cookies": {
    "quota": 700.0,
    "used": 0.0,
    "timestamp": 1772456254.6120656
  },
  "AnyRouter五账号_cookies": {
    "quota": 465.97,
    "used": 159.03,
    "timestamp": 1772456263.4272258
  },
  "AnyRouter六账号liucom_cookies": {
    "quota": 950.0,
    "used": 0.0,
    "timestamp": 1772456271.6489592
  },
  "AnyRouter七账号_cookies": {
    "quota": 675.0,
    "used": 0.0,
    "timestamp": 1772456280.380248
  },
  "AnyRouter1_cookies": {
    "quota": 574.8,
    "used": 0.2,
    "timestamp": 1772693501.711325
  },
  "AnyRouter2_cookies": {
    "quota": 674.76,
    "used": 0.24,
    "timestamp": 1772693513.3280406
  },
  "AnyRouter3_cookies": {
    "quota": 1299.9,
    "used": 0.1,
    "timestamp": 1772693523.5516613
  },
  "AnyRouter4_cookies": {
    "quota": 1299.72,
    "used": 0.28,
    "timestamp": 1772693534.6674478
  },
  "AnyRouter5_cookies": {
    "quota": 2559.24,
    "used": 990.76,
    "timestamp": 1772693546.2123952
  },
  "AnyRouter6_cookies": {
    "quota": 540.74,
    "used": 159.26,
    "timestamp": 1772693557.7699676
  },
  "AnyRouter7_cookies": {
    "quota": 749.68,
    "used": 0.32,
    "timestamp": 1772693568.1291587
  },
  "AnyRouter8_cookies": {
    "quota": 774.56,
    "used": 0.44,
    "timestamp": 1772693578.4123316
  },
  "AnyRouter9_cookies": {
    "quota": 849.67,
    "used": 0.33,
    "timestamp": 1772693589.4859965
  },
  "AnyRouter10_cookies": {
    "quota": 1024.78,
    "used": 0.22,
    "timestamp": 1772693600.5472243
  },
  "AnyRouter11_cookies": {
    "quota": 2713.89,
    "used": 11.11,
    "timestamp": 1772693609.8426092
  }
}