{
  "dctx_email": {
    "quota": 1010.69,
    "used": 2114.31,
    "timestamp": 1769235349.069553
  },
  "ljq_email": {
    "quota": 1303.06,
    "used": 1722.03,
    "timestamp": 1769235371.1653929
  },
  "zc_email": {
    "quota": 778.26,
    "used": 2233.7,
    "timestamp": 1769235392.860834
  },
  "zj_email": {
    "quota": 1975.0,
    "used": 0.0,
    "timestamp": 1769235474.8033175
  },
  "fks_email": {
    "quota": 1975.0,
    "used": 0.0,
    "timestamp": 1769235496.6141298
  },
  "dxh_email": {
    "quota": 1975.0,
    "used": 0.0,
    "timestamp": 1769235520.709169
  },
  "zhb_email": {
    "quota": 1975.0,
    "used": 0.0,
    "timestamp": 1769235543.2020695
  },
  "linuxdo_84404_cookies": {
    "quota": 1093.12,
    "used": 1506.88,
    "timestamp": 1769235400.4017365
  },
  "linux_chuang_cookies": {
    "quota": 2316.86,
    "used": 58.14,
    "timestamp": 1768976425.9971125
  },
  "linux_bwj_cookies": {
    "quota": 400.04,
    "used": 1849.08,
    "timestamp": 1769235424.9941642
  },
  "linux_devbai_cookies": {
    "quota": 435.41,
    "used": 1914.59,
    "timestamp": 1768976443.3059564
  },
  "linux_Yeahnet_cookies": {
    "quota": 563.26,
    "used": 1786.74,
    "timestamp": 1768976452.2607367
  },
  "AnyRouter主账号_cookies": {
    "quota": 2556.14,
    "used": 918.86,
    "timestamp": 1772456229.6933565
  },
  "AnyRouter二账号_cookies": {
    "quota": 2639.06,
    "used": 10.94,
    "timestamp": 1772456238.5058482
  },
  "AnyRouter三账号_cookies": {
    "quota": 775.0,
    "used": 0.0,
    "timestamp": 1772456246.6930487
  },
  "AnyRouter四账号_cookies": {
    "quota": 700.0,
    "used": 0.0,
    "timestamp": 1772456254.6120656
  },
  "AnyRouter五账号_cookies": {
    "quota": 465.97,
    "used": 159.03,
    "timestamp": 1772456263.4272258
  },
  "AnyRouter六账号liucom_cookies": {
    "quota": 950.0,
    "used": 0.0,
    "timestamp": 1772456271.6489592
  },
  "AnyRouter七账号_cookies": {
    "quota": 675.0,
    "used": 0.0,
    "timestamp": 1772456280.380248
  },
  "AnyRouter1_cookies": {
    "quota": 682.62,
    "used": 1342.38,
    "timestamp": 1782849264.4079719
  },
  "AnyRouter2_cookies": {
    "quota": 1572.73,
    "used": 627.27,
    "timestamp": 1782849273.0875084
  },
  "AnyRouter3_cookies": {
    "quota": 2210.56,
    "used": 114.44,
    "timestamp": 1782849282.6306841
  },
  "AnyRouter4_cookies": {
    "quota": 3451.31,
    "used": 48.69,
    "timestamp": 1782849290.7818155
  },
  "AnyRouter5_cookies": {
    "quota": 3565.11,
    "used": 34.89,
    "timestamp": 1782849300.6753721
  },
  "AnyRouter6_cookies": {
    "quota": 4103.6,
    "used": 121.4,
    "timestamp": 1782849308.947615
  },
  "AnyRouter7_cookies": {
    "quota": 3923.9,
    "used": 301.1,
    "timestamp": 1782849317.5015912
  },
  "AnyRouter8_cookies": {
    "quota": 4920.41,
    "used": 1554.59,
    "timestamp": 1782849326.789144
  },
  "AnyRouter9_cookies": {
    "quota": 3487.44,
    "used": 187.56,
    "timestamp": 1782849336.2569408
  },
  "AnyRouter10_cookies": {
    "quota": 3504.04,
    "used": 220.96,
    "timestamp": 1782849345.1389742
  },
  "AnyRouter11_cookies": {
    "quota": 3645.04,
    "used": 104.96,
    "timestamp": 1782849354.4256828
  },
  "AnyRouter12_cookies": {
    "quota": 3741.15,
    "used": 33.85,
    "timestamp": 1782849362.9407692
  },
  "AnyRouter13_cookies": {
    "quota": 3892.1,
    "used": 57.9,
    "timestamp": 1782849370.9254715
  },
  "AnyRouter14_cookies": {
    "quota": 4787.2,
    "used": 862.8,
    "timestamp": 1782849381.4088361
  }
}