{
  "AnyRouter2_cookies": {
    "quota": 1060.16,
    "used": 1564.84,
    "timestamp": 1784881494.4574387
  },
  "AnyRouter5_cookies": {
    "quota": 4165.11,
    "used": 34.89,
    "timestamp": 1784881503.6947887
  },
  "AnyRouter8_cookies": {
    "quota": 5520.41,
    "used": 1554.59,
    "timestamp": 1784881511.7749445
  },
  "AnyRouter11_cookies": {
    "quota": 3946.07,
    "used": 403.93,
    "timestamp": 1784881520.2564547
  },
  "AnyRouter14_cookies": {
    "quota": 4355.44,
    "used": 1894.56,
    "timestamp": 1784881528.3810673
  }
}