{
  "dctx_email": {
    "quota": 1010.69,
    "used": 2114.31,
    "timestamp": 1769235349.069553
  },
  "ljq_email": {
    "quota": 1303.06,
    "used": 1722.03,
    "timestamp": 1769235371.1653929
  },
  "zc_email": {
    "quota": 778.26,
    "used": 2233.7,
    "timestamp": 1769235392.860834
  },
  "zj_email": {
    "quota": 1975.0,
    "used": 0.0,
    "timestamp": 1769235474.8033175
  },
  "fks_email": {
    "quota": 1975.0,
    "used": 0.0,
    "timestamp": 1769235496.6141298
  },
  "dxh_email": {
    "quota": 1975.0,
    "used": 0.0,
    "timestamp": 1769235520.709169
  },
  "zhb_email": {
    "quota": 1975.0,
    "used": 0.0,
    "timestamp": 1769235543.2020695
  },
  "linuxdo_84404_cookies": {
    "quota": 1093.12,
    "used": 1506.88,
    "timestamp": 1769235400.4017365
  },
  "linux_chuang_cookies": {
    "quota": 2316.86,
    "used": 58.14,
    "timestamp": 1768976425.9971125
  },
  "linux_bwj_cookies": {
    "quota": 400.04,
    "used": 1849.08,
    "timestamp": 1769235424.9941642
  },
  "linux_devbai_cookies": {
    "quota": 435.41,
    "used": 1914.59,
    "timestamp": 1768976443.3059564
  },
  "linux_Yeahnet_cookies": {
    "quota": 563.26,
    "used": 1786.74,
    "timestamp": 1768976452.2607367
  },
  "AnyRouter主账号_cookies": {
    "quota": 2584.29,
    "used": 740.71,
    "timestamp": 1771959672.7468848
  },
  "AnyRouter二账号_cookies": {
    "quota": 2489.06,
    "used": 10.94,
    "timestamp": 1771959680.684433
  },
  "AnyRouter三账号_cookies": {
    "quota": 625.0,
    "used": 0.0,
    "timestamp": 1771959688.6905084
  },
  "AnyRouter四账号_cookies": {
    "quota": 550.0,
    "used": 0.0,
    "timestamp": 1771959696.2352784
  },
  "AnyRouter五账号_cookies": {
    "quota": 472.36,
    "used": 2.64,
    "timestamp": 1771959704.6941369
  },
  "AnyRouter六账号liucom_cookies": {
    "quota": 800.0,
    "used": 0.0,
    "timestamp": 1771959712.5358856
  }
}