{
  "AnyRouter2_cookies": {
    "quota": 1051.57,
    "used": 1548.43,
    "timestamp": 1784795221.9670105
  },
  "AnyRouter5_cookies": {
    "quota": 4140.11,
    "used": 34.89,
    "timestamp": 1784795229.5604954
  },
  "AnyRouter8_cookies": {
    "quota": 5495.41,
    "used": 1554.59,
    "timestamp": 1784795238.8350456
  },
  "AnyRouter11_cookies": {
    "quota": 3921.07,
    "used": 403.93,
    "timestamp": 1784795246.9738638
  },
  "AnyRouter14_cookies": {
    "quota": 4359.62,
    "used": 1865.38,
    "timestamp": 1784795255.5759668
  }
}