{
  "AnyRouter2_cookies": {
    "quota": 1060.16,
    "used": 1564.84,
    "timestamp": 1784920954.3796775
  },
  "AnyRouter5_cookies": {
    "quota": 4165.11,
    "used": 34.89,
    "timestamp": 1784920962.4866147
  },
  "AnyRouter8_cookies": {
    "quota": 5520.41,
    "used": 1554.59,
    "timestamp": 1784920970.1866984
  },
  "AnyRouter11_cookies": {
    "quota": 3946.07,
    "used": 403.93,
    "timestamp": 1784920977.912581
  },
  "AnyRouter14_cookies": {
    "quota": 4293.93,
    "used": 1956.07,
    "timestamp": 1784920986.6067264
  }
}