{
  "AnyRouter2_cookies": {
    "quota": 1072.44,
    "used": 1502.56,
    "timestamp": 1784708430.079312
  },
  "AnyRouter5_cookies": {
    "quota": 4115.11,
    "used": 34.89,
    "timestamp": 1784708437.992453
  },
  "AnyRouter8_cookies": {
    "quota": 5470.41,
    "used": 1554.59,
    "timestamp": 1784708447.0750377
  },
  "AnyRouter11_cookies": {
    "quota": 3896.07,
    "used": 403.93,
    "timestamp": 1784708456.126524
  }
}