{
  "dctx_email": {
    "quota": 1010.69,
    "used": 2114.31,
    "timestamp": 1769235349.069553
  },
  "ljq_email": {
    "quota": 1303.06,
    "used": 1722.03,
    "timestamp": 1769235371.1653929
  },
  "zc_email": {
    "quota": 778.26,
    "used": 2233.7,
    "timestamp": 1769235392.860834
  },
  "zj_email": {
    "quota": 1975.0,
    "used": 0.0,
    "timestamp": 1769235474.8033175
  },
  "fks_email": {
    "quota": 1975.0,
    "used": 0.0,
    "timestamp": 1769235496.6141298
  },
  "dxh_email": {
    "quota": 1975.0,
    "used": 0.0,
    "timestamp": 1769235520.709169
  },
  "zhb_email": {
    "quota": 1975.0,
    "used": 0.0,
    "timestamp": 1769235543.2020695
  },
  "linuxdo_84404_cookies": {
    "quota": 1093.12,
    "used": 1506.88,
    "timestamp": 1769235400.4017365
  },
  "linux_chuang_cookies": {
    "quota": 2316.86,
    "used": 58.14,
    "timestamp": 1768976425.9971125
  },
  "linux_bwj_cookies": {
    "quota": 400.04,
    "used": 1849.08,
    "timestamp": 1769235424.9941642
  },
  "linux_devbai_cookies": {
    "quota": 435.41,
    "used": 1914.59,
    "timestamp": 1768976443.3059564
  },
  "linux_Yeahnet_cookies": {
    "quota": 563.26,
    "used": 1786.74,
    "timestamp": 1768976452.2607367
  },
  "AnyRouter主账号_cookies": {
    "quota": 2556.14,
    "used": 918.86,
    "timestamp": 1772456229.6933565
  },
  "AnyRouter二账号_cookies": {
    "quota": 2639.06,
    "used": 10.94,
    "timestamp": 1772456238.5058482
  },
  "AnyRouter三账号_cookies": {
    "quota": 775.0,
    "used": 0.0,
    "timestamp": 1772456246.6930487
  },
  "AnyRouter四账号_cookies": {
    "quota": 700.0,
    "used": 0.0,
    "timestamp": 1772456254.6120656
  },
  "AnyRouter五账号_cookies": {
    "quota": 465.97,
    "used": 159.03,
    "timestamp": 1772456263.4272258
  },
  "AnyRouter六账号liucom_cookies": {
    "quota": 950.0,
    "used": 0.0,
    "timestamp": 1772456271.6489592
  },
  "AnyRouter七账号_cookies": {
    "quota": 675.0,
    "used": 0.0,
    "timestamp": 1772456280.380248
  },
  "AnyRouter1_cookies": {
    "quota": 549.93,
    "used": 0.07,
    "timestamp": 1772650263.8581665
  },
  "AnyRouter2_cookies": {
    "quota": 649.9,
    "used": 0.1,
    "timestamp": 1772650284.9471536
  },
  "AnyRouter3_cookies": {
    "quota": 1274.93,
    "used": 0.07,
    "timestamp": 1772650312.2484696
  },
  "AnyRouter4_cookies": {
    "quota": 1274.92,
    "used": 0.08,
    "timestamp": 1772650334.8162363
  },
  "AnyRouter5_cookies": {
    "quota": 2534.41,
    "used": 990.59,
    "timestamp": 1772650358.8214257
  },
  "AnyRouter6_cookies": {
    "quota": 515.87,
    "used": 159.13,
    "timestamp": 1772650380.9647534
  },
  "AnyRouter7_cookies": {
    "quota": 724.81,
    "used": 0.19,
    "timestamp": 1772650402.4424546
  },
  "AnyRouter8_cookies": {
    "quota": 749.74,
    "used": 0.26,
    "timestamp": 1772650424.1891458
  },
  "AnyRouter9_cookies": {
    "quota": 824.91,
    "used": 0.09,
    "timestamp": 1772650451.8672416
  },
  "AnyRouter10_cookies": {
    "quota": 999.84,
    "used": 0.16,
    "timestamp": 1772650478.832931
  },
  "AnyRouter11_cookies": {
    "quota": 2688.99,
    "used": 11.01,
    "timestamp": 1772650501.2222059
  }
}