{
  "AnyRouter3_cookies": {
    "quota": 2785.56,
    "used": 114.44,
    "timestamp": 1784834037.603537
  },
  "AnyRouter6_cookies": {
    "quota": 4678.6,
    "used": 121.4,
    "timestamp": 1784834045.339992
  },
  "AnyRouter9_cookies": {
    "quota": 3834.66,
    "used": 415.34,
    "timestamp": 1784834053.103009
  },
  "AnyRouter12_cookies": {
    "quota": 4316.15,
    "used": 33.85,
    "timestamp": 1784834061.2671447
  }
}