{
  "AnyRouter1_cookies": {
    "quota": 2105.39,
    "used": 644.61,
    "timestamp": 1784708870.6892338
  },
  "AnyRouter4_cookies": {
    "quota": 4001.31,
    "used": 48.69,
    "timestamp": 1784708880.047303
  },
  "AnyRouter7_cookies": {
    "quota": 4473.9,
    "used": 301.1,
    "timestamp": 1784708888.6960216
  },
  "AnyRouter10_cookies": {
    "quota": 4054.04,
    "used": 220.96,
    "timestamp": 1784708896.4580986
  },
  "AnyRouter13_cookies": {
    "quota": 3995.25,
    "used": 504.75,
    "timestamp": 1784708905.686119
  }
}