{
  "AnyRouter3_cookies": {
    "quota": 2760.56,
    "used": 114.44,
    "timestamp": 1784728111.5411165
  },
  "AnyRouter6_cookies": {
    "quota": 4653.6,
    "used": 121.4,
    "timestamp": 1784728120.517664
  },
  "AnyRouter9_cookies": {
    "quota": 3809.66,
    "used": 415.34,
    "timestamp": 1784728129.6081398
  },
  "AnyRouter12_cookies": {
    "quota": 4291.15,
    "used": 33.85,
    "timestamp": 1784728136.9741287
  }
}