{
  "dctx_email": {
    "quota": 1010.69,
    "used": 2114.31,
    "timestamp": 1769235349.069553
  },
  "ljq_email": {
    "quota": 1303.06,
    "used": 1722.03,
    "timestamp": 1769235371.1653929
  },
  "zc_email": {
    "quota": 778.26,
    "used": 2233.7,
    "timestamp": 1769235392.860834
  },
  "zj_email": {
    "quota": 1975.0,
    "used": 0.0,
    "timestamp": 1769235474.8033175
  },
  "fks_email": {
    "quota": 1975.0,
    "used": 0.0,
    "timestamp": 1769235496.6141298
  },
  "dxh_email": {
    "quota": 1975.0,
    "used": 0.0,
    "timestamp": 1769235520.709169
  },
  "zhb_email": {
    "quota": 1975.0,
    "used": 0.0,
    "timestamp": 1769235543.2020695
  },
  "linuxdo_84404_cookies": {
    "quota": 1093.12,
    "used": 1506.88,
    "timestamp": 1769235400.4017365
  },
  "linux_chuang_cookies": {
    "quota": 2316.86,
    "used": 58.14,
    "timestamp": 1768976425.9971125
  },
  "linux_bwj_cookies": {
    "quota": 400.04,
    "used": 1849.08,
    "timestamp": 1769235424.9941642
  },
  "linux_devbai_cookies": {
    "quota": 435.41,
    "used": 1914.59,
    "timestamp": 1768976443.3059564
  },
  "linux_Yeahnet_cookies": {
    "quota": 563.26,
    "used": 1786.74,
    "timestamp": 1768976452.2607367
  },
  "AnyRouter主账号_cookies": {
    "quota": 2556.14,
    "used": 918.86,
    "timestamp": 1772456229.6933565
  },
  "AnyRouter二账号_cookies": {
    "quota": 2639.06,
    "used": 10.94,
    "timestamp": 1772456238.5058482
  },
  "AnyRouter三账号_cookies": {
    "quota": 775.0,
    "used": 0.0,
    "timestamp": 1772456246.6930487
  },
  "AnyRouter四账号_cookies": {
    "quota": 700.0,
    "used": 0.0,
    "timestamp": 1772456254.6120656
  },
  "AnyRouter五账号_cookies": {
    "quota": 465.97,
    "used": 159.03,
    "timestamp": 1772456263.4272258
  },
  "AnyRouter六账号liucom_cookies": {
    "quota": 950.0,
    "used": 0.0,
    "timestamp": 1772456271.6489592
  },
  "AnyRouter七账号_cookies": {
    "quota": 675.0,
    "used": 0.0,
    "timestamp": 1772456280.380248
  },
  "AnyRouter1_cookies": {
    "quota": 468.12,
    "used": 31.88,
    "timestamp": 1777537238.4203017
  },
  "AnyRouter2_cookies": {
    "quota": 615.19,
    "used": 59.81,
    "timestamp": 1777537247.699882
  },
  "AnyRouter3_cookies": {
    "quota": 785.39,
    "used": 14.61,
    "timestamp": 1777537256.7396286
  },
  "AnyRouter4_cookies": {
    "quota": 1934.07,
    "used": 40.93,
    "timestamp": 1777537265.7521436
  },
  "AnyRouter5_cookies": {
    "quota": 2040.11,
    "used": 34.89,
    "timestamp": 1777537274.1495178
  },
  "AnyRouter6_cookies": {
    "quota": 2586.32,
    "used": 113.68,
    "timestamp": 1777537282.8171697
  },
  "AnyRouter7_cookies": {
    "quota": 2477.94,
    "used": 222.06,
    "timestamp": 1777537291.2563412
  },
  "AnyRouter8_cookies": {
    "quota": 3882.08,
    "used": 1067.92,
    "timestamp": 1777537299.7720392
  },
  "AnyRouter9_cookies": {
    "quota": 1962.58,
    "used": 187.42,
    "timestamp": 1777537307.7442746
  },
  "AnyRouter10_cookies": {
    "quota": 2172.92,
    "used": 27.08,
    "timestamp": 1777537317.025929
  },
  "AnyRouter11_cookies": {
    "quota": 2190.0,
    "used": 35.0,
    "timestamp": 1777537325.020052
  },
  "AnyRouter12_cookies": {
    "quota": 2216.15,
    "used": 33.85,
    "timestamp": 1777537333.6878915
  },
  "AnyRouter13_cookies": {
    "quota": 2373.5,
    "used": 51.5,
    "timestamp": 1777537342.1198072
  },
  "AnyRouter14_cookies": {
    "quota": 3763.33,
    "used": 361.67,
    "timestamp": 1777537350.2402024
  }
}