{
  "dctx_email": {
    "quota": 1010.69,
    "used": 2114.31,
    "timestamp": 1769235349.069553
  },
  "ljq_email": {
    "quota": 1303.06,
    "used": 1722.03,
    "timestamp": 1769235371.1653929
  },
  "zc_email": {
    "quota": 778.26,
    "used": 2233.7,
    "timestamp": 1769235392.860834
  },
  "zj_email": {
    "quota": 1975.0,
    "used": 0.0,
    "timestamp": 1769235474.8033175
  },
  "fks_email": {
    "quota": 1975.0,
    "used": 0.0,
    "timestamp": 1769235496.6141298
  },
  "dxh_email": {
    "quota": 1975.0,
    "used": 0.0,
    "timestamp": 1769235520.709169
  },
  "zhb_email": {
    "quota": 1975.0,
    "used": 0.0,
    "timestamp": 1769235543.2020695
  },
  "linuxdo_84404_cookies": {
    "quota": 1093.12,
    "used": 1506.88,
    "timestamp": 1769235400.4017365
  },
  "linux_chuang_cookies": {
    "quota": 2316.86,
    "used": 58.14,
    "timestamp": 1768976425.9971125
  },
  "linux_bwj_cookies": {
    "quota": 400.04,
    "used": 1849.08,
    "timestamp": 1769235424.9941642
  },
  "linux_devbai_cookies": {
    "quota": 435.41,
    "used": 1914.59,
    "timestamp": 1768976443.3059564
  },
  "linux_Yeahnet_cookies": {
    "quota": 563.26,
    "used": 1786.74,
    "timestamp": 1768976452.2607367
  },
  "AnyRouter主账号_cookies": {
    "quota": 2556.14,
    "used": 918.86,
    "timestamp": 1772456229.6933565
  },
  "AnyRouter二账号_cookies": {
    "quota": 2639.06,
    "used": 10.94,
    "timestamp": 1772456238.5058482
  },
  "AnyRouter三账号_cookies": {
    "quota": 775.0,
    "used": 0.0,
    "timestamp": 1772456246.6930487
  },
  "AnyRouter四账号_cookies": {
    "quota": 700.0,
    "used": 0.0,
    "timestamp": 1772456254.6120656
  },
  "AnyRouter五账号_cookies": {
    "quota": 465.97,
    "used": 159.03,
    "timestamp": 1772456263.4272258
  },
  "AnyRouter六账号liucom_cookies": {
    "quota": 950.0,
    "used": 0.0,
    "timestamp": 1772456271.6489592
  },
  "AnyRouter七账号_cookies": {
    "quota": 675.0,
    "used": 0.0,
    "timestamp": 1772456280.380248
  },
  "AnyRouter1_cookies": {
    "quota": 826.08,
    "used": 1348.92,
    "timestamp": 1783338475.0736449
  },
  "AnyRouter2_cookies": {
    "quota": 1705.39,
    "used": 644.61,
    "timestamp": 1783338483.3744102
  },
  "AnyRouter3_cookies": {
    "quota": 2360.56,
    "used": 114.44,
    "timestamp": 1783338491.1607795
  },
  "AnyRouter4_cookies": {
    "quota": 3601.31,
    "used": 48.69,
    "timestamp": 1783338500.187906
  },
  "AnyRouter5_cookies": {
    "quota": 3715.11,
    "used": 34.89,
    "timestamp": 1783338510.1035128
  },
  "AnyRouter6_cookies": {
    "quota": 4253.6,
    "used": 121.4,
    "timestamp": 1783338518.5518122
  },
  "AnyRouter7_cookies": {
    "quota": 4073.9,
    "used": 301.1,
    "timestamp": 1783338526.4258356
  },
  "AnyRouter8_cookies": {
    "quota": 5070.41,
    "used": 1554.59,
    "timestamp": 1783338536.714543
  },
  "AnyRouter9_cookies": {
    "quota": 3637.44,
    "used": 187.56,
    "timestamp": 1783338545.8558147
  },
  "AnyRouter10_cookies": {
    "quota": 3654.04,
    "used": 220.96,
    "timestamp": 1783338554.2777736
  },
  "AnyRouter11_cookies": {
    "quota": 3759.82,
    "used": 140.18,
    "timestamp": 1783338562.8423347
  },
  "AnyRouter12_cookies": {
    "quota": 3891.15,
    "used": 33.85,
    "timestamp": 1783338571.817475
  },
  "AnyRouter13_cookies": {
    "quota": 4042.1,
    "used": 57.9,
    "timestamp": 1783338579.4142847
  },
  "AnyRouter14_cookies": {
    "quota": 4271.51,
    "used": 1528.49,
    "timestamp": 1783338587.3580825
  }
}