{
  "AnyRouter1_cookies": {
    "quota": 2155.39,
    "used": 644.61,
    "timestamp": 1784920952.563893
  },
  "AnyRouter4_cookies": {
    "quota": 4051.31,
    "used": 48.69,
    "timestamp": 1784920961.5154505
  },
  "AnyRouter7_cookies": {
    "quota": 4413.14,
    "used": 411.86,
    "timestamp": 1784920969.9586961
  },
  "AnyRouter10_cookies": {
    "quota": 4104.04,
    "used": 220.96,
    "timestamp": 1784920979.2649415
  },
  "AnyRouter13_cookies": {
    "quota": 4043.89,
    "used": 506.11,
    "timestamp": 1784920987.5685153
  }
}