{
  "dctx_email": {
    "quota": 1010.69,
    "used": 2114.31,
    "timestamp": 1769235349.069553
  },
  "ljq_email": {
    "quota": 1303.06,
    "used": 1722.03,
    "timestamp": 1769235371.1653929
  },
  "zc_email": {
    "quota": 778.26,
    "used": 2233.7,
    "timestamp": 1769235392.860834
  },
  "zj_email": {
    "quota": 1975.0,
    "used": 0.0,
    "timestamp": 1769235474.8033175
  },
  "fks_email": {
    "quota": 1975.0,
    "used": 0.0,
    "timestamp": 1769235496.6141298
  },
  "dxh_email": {
    "quota": 1975.0,
    "used": 0.0,
    "timestamp": 1769235520.709169
  },
  "zhb_email": {
    "quota": 1975.0,
    "used": 0.0,
    "timestamp": 1769235543.2020695
  },
  "linuxdo_84404_cookies": {
    "quota": 1093.12,
    "used": 1506.88,
    "timestamp": 1769235400.4017365
  },
  "linux_chuang_cookies": {
    "quota": 2316.86,
    "used": 58.14,
    "timestamp": 1768976425.9971125
  },
  "linux_bwj_cookies": {
    "quota": 400.04,
    "used": 1849.08,
    "timestamp": 1769235424.9941642
  },
  "linux_devbai_cookies": {
    "quota": 435.41,
    "used": 1914.59,
    "timestamp": 1768976443.3059564
  },
  "linux_Yeahnet_cookies": {
    "quota": 563.26,
    "used": 1786.74,
    "timestamp": 1768976452.2607367
  },
  "AnyRouter主账号_cookies": {
    "quota": 2556.14,
    "used": 918.86,
    "timestamp": 1772456229.6933565
  },
  "AnyRouter二账号_cookies": {
    "quota": 2639.06,
    "used": 10.94,
    "timestamp": 1772456238.5058482
  },
  "AnyRouter三账号_cookies": {
    "quota": 775.0,
    "used": 0.0,
    "timestamp": 1772456246.6930487
  },
  "AnyRouter四账号_cookies": {
    "quota": 700.0,
    "used": 0.0,
    "timestamp": 1772456254.6120656
  },
  "AnyRouter五账号_cookies": {
    "quota": 465.97,
    "used": 159.03,
    "timestamp": 1772456263.4272258
  },
  "AnyRouter六账号liucom_cookies": {
    "quota": 950.0,
    "used": 0.0,
    "timestamp": 1772456271.6489592
  },
  "AnyRouter七账号_cookies": {
    "quota": 675.0,
    "used": 0.0,
    "timestamp": 1772456280.380248
  },
  "AnyRouter1_cookies": {
    "quota": 248.54,
    "used": 1.46,
    "timestamp": 1776652523.790346
  },
  "AnyRouter2_cookies": {
    "quota": 365.19,
    "used": 59.81,
    "timestamp": 1776652532.5766757
  },
  "AnyRouter3_cookies": {
    "quota": 535.39,
    "used": 14.61,
    "timestamp": 1776652540.5709066
  },
  "AnyRouter4_cookies": {
    "quota": 1684.07,
    "used": 40.93,
    "timestamp": 1776652550.2021112
  },
  "AnyRouter5_cookies": {
    "quota": 1790.11,
    "used": 34.89,
    "timestamp": 1776652560.050081
  },
  "AnyRouter6_cookies": {
    "quota": 2337.51,
    "used": 112.49,
    "timestamp": 1776652568.019906
  },
  "AnyRouter7_cookies": {
    "quota": 2265.2,
    "used": 184.8,
    "timestamp": 1776652577.014536
  },
  "AnyRouter8_cookies": {
    "quota": 3632.08,
    "used": 1067.92,
    "timestamp": 1776652586.9089184
  },
  "AnyRouter9_cookies": {
    "quota": 1712.58,
    "used": 187.42,
    "timestamp": 1776652595.134154
  },
  "AnyRouter10_cookies": {
    "quota": 1922.92,
    "used": 27.08,
    "timestamp": 1776652604.530688
  },
  "AnyRouter11_cookies": {
    "quota": 1940.0,
    "used": 35.0,
    "timestamp": 1776652612.3186495
  },
  "AnyRouter12_cookies": {
    "quota": 1966.15,
    "used": 33.85,
    "timestamp": 1776652620.923029
  },
  "AnyRouter13_cookies": {
    "quota": 2123.5,
    "used": 51.5,
    "timestamp": 1776652629.2945526
  },
  "AnyRouter14_cookies": {
    "quota": 3520.45,
    "used": 354.55,
    "timestamp": 1776652637.3128948
  }
}