{
  "dctx_email": {
    "quota": 1010.69,
    "used": 2114.31,
    "timestamp": 1769235349.069553
  },
  "ljq_email": {
    "quota": 1303.06,
    "used": 1722.03,
    "timestamp": 1769235371.1653929
  },
  "zc_email": {
    "quota": 778.26,
    "used": 2233.7,
    "timestamp": 1769235392.860834
  },
  "zj_email": {
    "quota": 1975.0,
    "used": 0.0,
    "timestamp": 1769235474.8033175
  },
  "fks_email": {
    "quota": 1975.0,
    "used": 0.0,
    "timestamp": 1769235496.6141298
  },
  "dxh_email": {
    "quota": 1975.0,
    "used": 0.0,
    "timestamp": 1769235520.709169
  },
  "zhb_email": {
    "quota": 1975.0,
    "used": 0.0,
    "timestamp": 1769235543.2020695
  },
  "linuxdo_84404_cookies": {
    "quota": 1093.12,
    "used": 1506.88,
    "timestamp": 1769235400.4017365
  },
  "linux_chuang_cookies": {
    "quota": 2316.86,
    "used": 58.14,
    "timestamp": 1768976425.9971125
  },
  "linux_bwj_cookies": {
    "quota": 400.04,
    "used": 1849.08,
    "timestamp": 1769235424.9941642
  },
  "linux_devbai_cookies": {
    "quota": 435.41,
    "used": 1914.59,
    "timestamp": 1768976443.3059564
  },
  "linux_Yeahnet_cookies": {
    "quota": 563.26,
    "used": 1786.74,
    "timestamp": 1768976452.2607367
  },
  "AnyRouter主账号_cookies": {
    "quota": 2556.14,
    "used": 918.86,
    "timestamp": 1772456229.6933565
  },
  "AnyRouter二账号_cookies": {
    "quota": 2639.06,
    "used": 10.94,
    "timestamp": 1772456238.5058482
  },
  "AnyRouter三账号_cookies": {
    "quota": 775.0,
    "used": 0.0,
    "timestamp": 1772456246.6930487
  },
  "AnyRouter四账号_cookies": {
    "quota": 700.0,
    "used": 0.0,
    "timestamp": 1772456254.6120656
  },
  "AnyRouter五账号_cookies": {
    "quota": 465.97,
    "used": 159.03,
    "timestamp": 1772456263.4272258
  },
  "AnyRouter六账号liucom_cookies": {
    "quota": 950.0,
    "used": 0.0,
    "timestamp": 1772456271.6489592
  },
  "AnyRouter七账号_cookies": {
    "quota": 675.0,
    "used": 0.0,
    "timestamp": 1772456280.380248
  },
  "AnyRouter1_cookies": {
    "quota": 1209.07,
    "used": 40.93,
    "timestamp": 1775028109.8790715
  },
  "AnyRouter2_cookies": {
    "quota": 1315.11,
    "used": 34.89,
    "timestamp": 1775028119.132723
  },
  "AnyRouter3_cookies": {
    "quota": 1888.07,
    "used": 86.93,
    "timestamp": 1775028128.5948806
  },
  "AnyRouter4_cookies": {
    "quota": 1790.94,
    "used": 184.06,
    "timestamp": 1775028137.598721
  },
  "AnyRouter5_cookies": {
    "quota": 3157.08,
    "used": 1067.92,
    "timestamp": 1775028146.455012
  },
  "AnyRouter6_cookies": {
    "quota": 1187.58,
    "used": 187.42,
    "timestamp": 1775028155.8679836
  },
  "AnyRouter7_cookies": {
    "quota": 1397.92,
    "used": 27.08,
    "timestamp": 1775028164.9450414
  },
  "AnyRouter8_cookies": {
    "quota": 1424.68,
    "used": 25.32,
    "timestamp": 1775028174.2408705
  },
  "AnyRouter9_cookies": {
    "quota": 1491.15,
    "used": 33.85,
    "timestamp": 1775028183.8157027
  },
  "AnyRouter10_cookies": {
    "quota": 1648.5,
    "used": 51.5,
    "timestamp": 1775028193.005819
  },
  "AnyRouter11_cookies": {
    "quota": 3051.47,
    "used": 348.53,
    "timestamp": 1775028200.9785104
  }
}