{
  "dctx_email": {
    "quota": 1010.69,
    "used": 2114.31,
    "timestamp": 1769235349.069553
  },
  "ljq_email": {
    "quota": 1303.06,
    "used": 1722.03,
    "timestamp": 1769235371.1653929
  },
  "zc_email": {
    "quota": 778.26,
    "used": 2233.7,
    "timestamp": 1769235392.860834
  },
  "zj_email": {
    "quota": 1975.0,
    "used": 0.0,
    "timestamp": 1769235474.8033175
  },
  "fks_email": {
    "quota": 1975.0,
    "used": 0.0,
    "timestamp": 1769235496.6141298
  },
  "dxh_email": {
    "quota": 1975.0,
    "used": 0.0,
    "timestamp": 1769235520.709169
  },
  "zhb_email": {
    "quota": 1975.0,
    "used": 0.0,
    "timestamp": 1769235543.2020695
  },
  "linuxdo_84404_cookies": {
    "quota": 1093.12,
    "used": 1506.88,
    "timestamp": 1769235400.4017365
  },
  "linux_chuang_cookies": {
    "quota": 2316.86,
    "used": 58.14,
    "timestamp": 1768976425.9971125
  },
  "linux_bwj_cookies": {
    "quota": 400.04,
    "used": 1849.08,
    "timestamp": 1769235424.9941642
  },
  "linux_devbai_cookies": {
    "quota": 435.41,
    "used": 1914.59,
    "timestamp": 1768976443.3059564
  },
  "linux_Yeahnet_cookies": {
    "quota": 563.26,
    "used": 1786.74,
    "timestamp": 1768976452.2607367
  },
  "AnyRouter主账号_cookies": {
    "quota": 2556.14,
    "used": 918.86,
    "timestamp": 1772456229.6933565
  },
  "AnyRouter二账号_cookies": {
    "quota": 2639.06,
    "used": 10.94,
    "timestamp": 1772456238.5058482
  },
  "AnyRouter三账号_cookies": {
    "quota": 775.0,
    "used": 0.0,
    "timestamp": 1772456246.6930487
  },
  "AnyRouter四账号_cookies": {
    "quota": 700.0,
    "used": 0.0,
    "timestamp": 1772456254.6120656
  },
  "AnyRouter五账号_cookies": {
    "quota": 465.97,
    "used": 159.03,
    "timestamp": 1772456263.4272258
  },
  "AnyRouter六账号liucom_cookies": {
    "quota": 950.0,
    "used": 0.0,
    "timestamp": 1772456271.6489592
  },
  "AnyRouter七账号_cookies": {
    "quota": 675.0,
    "used": 0.0,
    "timestamp": 1772456280.380248
  },
  "AnyRouter1_cookies": {
    "quota": 585.53,
    "used": 1339.47,
    "timestamp": 1782465789.6470397
  },
  "AnyRouter2_cookies": {
    "quota": 1472.73,
    "used": 627.27,
    "timestamp": 1782465797.8627717
  },
  "AnyRouter3_cookies": {
    "quota": 2110.59,
    "used": 114.41,
    "timestamp": 1782465806.9627151
  },
  "AnyRouter4_cookies": {
    "quota": 3351.31,
    "used": 48.69,
    "timestamp": 1782465816.034388
  },
  "AnyRouter5_cookies": {
    "quota": 3465.11,
    "used": 34.89,
    "timestamp": 1782465824.3009064
  },
  "AnyRouter6_cookies": {
    "quota": 4003.6,
    "used": 121.4,
    "timestamp": 1782465832.344615
  },
  "AnyRouter7_cookies": {
    "quota": 3823.9,
    "used": 301.1,
    "timestamp": 1782465841.8778472
  },
  "AnyRouter8_cookies": {
    "quota": 4820.41,
    "used": 1554.59,
    "timestamp": 1782465850.5849848
  },
  "AnyRouter9_cookies": {
    "quota": 3387.58,
    "used": 187.42,
    "timestamp": 1782465859.8660321
  },
  "AnyRouter10_cookies": {
    "quota": 3404.04,
    "used": 220.96,
    "timestamp": 1782465868.2927449
  },
  "AnyRouter11_cookies": {
    "quota": 3545.04,
    "used": 104.96,
    "timestamp": 1782465877.863436
  },
  "AnyRouter12_cookies": {
    "quota": 3641.15,
    "used": 33.85,
    "timestamp": 1782465887.8128164
  },
  "AnyRouter13_cookies": {
    "quota": 3792.1,
    "used": 57.9,
    "timestamp": 1782465897.17352
  },
  "AnyRouter14_cookies": {
    "quota": 4689.11,
    "used": 860.89,
    "timestamp": 1782465905.1678128
  }
}